GAGATTCCCGTACTAGTTATGCGACAGGACGT,GAGATTCCCGTACTAGTTATGCGACAGGACGT,1
ATTACTCGGAACGGTATGCCTTACATAGAGGC,ATATTATGTCATCGTGTAACCGTCTCGGATAA,1
TCTCGCGCACGAATCTATAGCCTTCAGGACGT,CGCACATGGAGGAGACCTGAGTAAAGATACAG,1
CTGAAGCTGCGTAGTACGTCTAATCAGGACGT,GCGTCCGATGTAACTTCGTTGATCTCTCGAGG,1
TCCGCGAATCTATCCGATTCGTTGTAATCTTA,TCCGCGAATCTATCCGATTCGTTGTAATCTTA,1
TCCGCGAACGCTTGATTTGGAAGTATAGAGGC,TCCGCGAACGCTTGATTTGGAAGTATAGAGGC,1
CTGAAGCTTACGCTGCGTAAGGAGCAGGACGT,CTGAAGCTTACGCTGCGTAAGGAGCAGGACGT,1
TCCGGAGATAGCGCTCAAGGAGTAGGCTCTGA,TCCGGAGATAGCGCTCAAGGAGTAGGCTCTGA,1
AGCGATAGCGCTTGATATAGCCTTCCTATCCT,AGCGATAGCGCTTGATATAGCCTTCCTATCCT,1
CGCTCATTATAAGTCGTTCATCCACCTATCCT,CGCTCATTATAAGTCGTTCATCCACCTATCCT,1
TAATGCGCAAGCAACGATTCGTTGCAGGACGT,TCTTACGGGTTGTCAAAACGCATCCTTATATA,1
TAATGCGCCTAATGCTGGTTAGACATAGAGGC,TAATGCGCCTAATGCTGGTTAGACATAGAGGC,1
CGCTCATTAACCAGGTAACGAACGGGCTCTGA,TCCCGTCGAGGAGTAAGATCAGGTCCTAGTTA,1
CGCTCATTACGTTCGATGCCTTACCAGGACGT,CGCTCATTACGTTCGATGCCTTACCAGGACGT,1
CGGCTATGTAAGGCGAAAGGCTATGTACTGAC,CGGCTATGTAAGGCGAAAGGCTATGTACTGAC,1
GAGATTCCCGTACTAGCGTCTAATTAATCTTA,GAGATTCCCGTACTAGCGTCTAATTAATCTTA,1
TCTCGCGCGGACTCCTTTCTAGCTTAATCTTA,TCTCGCGCGGACTCCTTTCTAGCTTAATCTTA,1
CGCTCATTGTCTACCATTACGACCTAATCTTA,CGCTCATTGTCTACCATTACGACCTAATCTTA,1
TCCGGAGAACTCGCTAAAGGCTATGTACTGAC,TCCGGAGAACTCGCTAAAGGCTATGTACTGAC,1
ATTACTCGCTCTGGTAGAGCCTTATAATCTTA,ATTACTCGCTCTGGTAGAGCCTTATAATCTTA,1
CTGAAGCTTAGCGCTCCCTAGAGTGTACTGAC,CTGAAGCTTAGCGCTCCCTAGAGTGTACTGAC,1
CTGAAGCTCGCTTGATTTCATCCAGTACTGAC,CTGAAGCTCGCTTGATTTCATCCAGTACTGAC,1
ATTCAGAATGCAGCTACTCTCTATTATAGCCT,AAAACCACGCTAGTCAGGCGGAATGCCCATAT,1
GAGATTCCTGCAGCTATCTCTCCGCAGGACGT,GAGATTCCTGCAGCTATCTCTCCGCAGGACGT,1
CTGAAGCTACGTTCGATTCATCCAATAGAGGC,TCAAGTATCGGTTACTCCAACGAGCTTTCCGG,1
ATTCAGAATGCAGCTACTCTCTATCAGGACGT,ATTCAGAATGCAGCTACTCTCTATCAGGACGT,1
TCTCGCGCTAGCGCTCGTAAGGAGAGGCGAAG,TCTCGCGCTAGCGCTCGTAAGGAGAGGCGAAG,1
CTGAAGCTCTAATGCTGAAGTATGCCTATCCT,GCAACGGCTTCTTCATAAACAGTCTTGCACTG,1
ATTACTCGACGAATCTCGAATTCCGGCTCTGA,TACCGGGAGGGCAAGCGCCGCTTCGAGGAAAT,1
CGCTCATTCAAGTTCAATAGCCTTGGCTCTGA,CGCTCATTCAAGTTCAATAGCCTTGGCTCTGA,1
CTGAAGCTCGCTTGATAACGAACGCAGGACGT,CTGAAGCTCGCTTGATAACGAACGCAGGACGT,1
TAATGCGCGCTCATGAAAGGCTATCAGGACGT,TAATGCGCGCTCATGAAAGGCTATCAGGACGT,1
TAATGCGCTGCCAATTATAGCCTTGTACTGAC,TAATGCGCTGCCAATTATAGCCTTGTACTGAC,1
ATTCAGAAGTCTACCATGCCTTACCCTATCCT,AGCAAATGGTCCGACAACCCCAAGTCCGTACG,1
TCCGCGAAGGAGCTACAAGGAGTAGTACTGAC,TCCGCGAAGGAGCTACAAGGAGTAGTACTGAC,1
TAATGCGCGAATTACGTTACGACCAGGCGAAG,TAATGCGCGAATTACGTTACGACCAGGCGAAG,1
GAGATTCCATGCGCAGATCTGAGTTAATCTTA,CCGCATTATCCCCCGACTTATCAGCAGCCGCA,1
ATTCAGAACAGAACTGAGGATAACGGCTCTGA,ATTCAGAACAGAACTGAGGATAACGGCTCTGA,1
TCCGCGAATATGGTCGAATGACGTCAGGACGT,TCCGCGAATATGGTCGAATGACGTCAGGACGT,1
ATTCAGAAGTCATGAAAAGAGATGATAGAGGC,ATTCAGAAGTCATGAAAAGAGATGATAGAGGC,1
CGCTCATTTTCCATCCGGATACTAGTACTGAC,AAAGCGTATCGCAGTCATCTAAGATCCAACCG,1
TCCGCGAAACGAATCTAATGACGTCCTATCCT,TCCGCGAAACGAATCTAATGACGTCCTATCCT,1
GAGATTCCTCTATCCGAAGAGATGATAGAGGC,GAGATTCCTCTATCCGAAGAGATGATAGAGGC,1
GAGATTCCTGCCAATTTAAGATCCTAATCTTA,GAGATTCCTGCCAATTTAAGATCCTAATCTTA,1
TCCGCGAAGTCTACCAATTCGTTGGGCTCTGA,TCCGCGAAGTCTACCAATTCGTTGGGCTCTGA,1
GAGATTCCGTCATGAAAGGATAACGGCTCTGA,GAGATTCCGTCATGAAAGGATAACGGCTCTGA,1
TCTCGCGCTGCCAATTCGAATTCCGTACTGAC,TCTCGCGCTGCCAATTCGAATTCCGTACTGAC,1
CGGCTATGTGCCAATTTTGGAAGTGTACTGAC,CGGCTATGTGCCAATTTTGGAAGTGTACTGAC,1
TCCGGAGATATGGTCGTAAGATCCGTACTGAC,TCCGGAGATATGGTCGTAAGATCCGTACTGAC,1
TAATGCGCTGCCAATTAGGATAACCCTATCCT,TAATGCGCTGCCAATTAGGATAACCCTATCCT,1
AGCGATAGTAGCGCTCAAGGCTATTAATCTTA,AGCGATAGTAGCGCTCAAGGCTATTAATCTTA,1
CGCTCATTATAAGTCGAACGAACGCCTATCCT,GCATCGTCGATTGATGCATGTCCTCCAGAATC,1
CTGAAGCTCGCTTGATCGAATTCCTAATCTTA,CTGAAGCTCGCTTGATCGAATTCCTAATCTTA,1
TCCGGAGACGATCAGTGCGTAAGACAGGACGT,TCCGGAGACGATCAGTGCGTAAGACAGGACGT,1
CGCTCATTTTCCATCCTGCCTTACCAGGACGT,ATGTTTCTTGTAGCATGGCTAAACTGTACCGT,1
GAGATTCCCAAGTTCAAAGAGATGCAGGACGT,GAGATTCCCAAGTTCAAAGAGATGCAGGACGT,1
TCTCGCGCCAGAACTGTTACGACCCCTATCCT,TCTCGCGCCAGAACTGTTACGACCCCTATCCT,1
TAATGCGCCGTACTAGTCTCTCCGCAGGACGT,TAATGCGCCGTACTAGTCTCTCCGCAGGACGT,1
ATTCAGAAACTCGCTAACTGCATATAATCTTA,TGTTGAAGGGACATCCTCTCGTGATTGCAGGG,1
ATTCAGAACGTACTAGTCTCTCCGTAATCTTA,ATTCAGAACGTACTAGTCTCTCCGTAATCTTA,1
TCCGCGAATCTATCCGGGATACTATATAGCCT,TCCGCGAATCTATCCGGGATACTATATAGCCT,1
ATTCAGAACCTAAGACTCGACTAGCAGGACGT,ATTCAGAACCTAAGACTCGACTAGCAGGACGT,1
TCCGGAGACTAATGCTTAAGATCCGTACTGAC,TCCGGAGACTAATGCTTAAGATCCGTACTGAC,1
ATTACTCGGGACTCCTCTCTCTATCAGGACGT,AGCCACCTGCAGATGATTAGGTTTATTCGATC,1
CGGCTATGGTCATGAATCCGGTAAGTACTGAC,AGTGAGTGATTACCCCCATCAGGCGTGTGAAC,1
GAGATTCCATCTCAGGGTAAGGAGTAATCTTA,GAGATTCCATCTCAGGGTAAGGAGTAATCTTA,1
TAATGCGCGTAGAGGAGCGTAAGAGTACTGAC,TAATGCGCGTAGAGGAGCGTAAGAGTACTGAC,1
TAATGCGCTGCAGCTAGTAAGGAGGTACTGAC,TAATGCGCTGCAGCTAGTAAGGAGGTACTGAC,1
TCTCGCGCGTCATGAAGGATACTATAATCTTA,TCTCGCGCGTCATGAAGGATACTATAATCTTA,1
CGGCTATGGTAGAGGATATCCTCTTAATCTTA,CGGCTATGGTAGAGGATATCCTCTTAATCTTA,1
GAGATTCCGTCTACCAATAGCCTTTATAGCCT,GAGATTCCGTCTACCAATAGCCTTTATAGCCT,1
TCCGGAGATCGACGTCATCTGAGTCAGGACGT,TCCGGAGATCGACGTCATCTGAGTCAGGACGT,1
TCTCGCGCCTTCAATGTGCCTTACGTACTGAC,TCTCGCGCCTTCAATGTGCCTTACGTACTGAC,1
TCCGCGAAGCCTCAATGGTTAGACAGGCGAAG,TGGGAAGCAGGAACGTGCAGTCGTTTGCCCCT,1
CTGAAGCTCGTACTAGGAGCCTTACCTATCCT,CTGAAGCTCGTACTAGGAGCCTTACCTATCCT,1
AGCGATAGGTAGAGGACTCTCTATTATAGCCT,AGCGATAGGTAGAGGACTCTCTATTATAGCCT,1
TAATGCGCACGAATCTAGGATAACTAATCTTA,TAATGCGCACGAATCTAGGATAACTAATCTTA,1
TCCGGAGATTCCATCCTAAGATCCATAGAGGC,TAGGCGCAAGGCGCCCGACGACATGTAAGACA,1
TCCGCGAAGTCTACCATGCCTTACTAATCTTA,AACGGGCTGTTGTATGTCTGAATGTGACGATA,1
CGGCTATGGCAACCTAGGATACTACAGGACGT,CGGCTATGGCAACCTAGGATACTACAGGACGT,1
TAATGCGCCTAATGCTAATGACGTCCTATCCT,TAATGCGCCTAATGCTAATGACGTCCTATCCT,1
TCCGCGAATACTGCCTTTCATCCATAATCTTA,TCCGCGAATACTGCCTTTCATCCATAATCTTA,1
TCCGCGAACTTCAATGATTCGTTGTAATCTTA,TCCGCGAACTTCAATGATTCGTTGTAATCTTA,1
TAATGCGCCGATCAGTTCTCTCCGGTACTGAC,TAATGCGCCGATCAGTTCTCTCCGGTACTGAC,1
TCTCGCGCGAATTACGATAGCCTTGGCTCTGA,TCTCGCGCGAATTACGATAGCCTTGGCTCTGA,1
CGCTCATTGCTCATGAACTGCATAATAGAGGC,CGCTCATTGCTCATGAACTGCATAATAGAGGC,1
GAGATTCCAAGAGGCACCTAGAGTGTACTGAC,GAGATTCCAAGAGGCACCTAGAGTGTACTGAC,1
ATTCAGAACTCTGGTAGAGCCTTAGTACTGAC,ATTCAGAACTCTGGTAGAGCCTTAGTACTGAC,1
TCCGGAGATATGGTCGGGTTAGACTATAGCCT,TCCGGAGATATGGTCGGGTTAGACTATAGCCT,1
ATTCAGAACAAGTTCATCCGGTAAGGCTCTGA,ATTCAGAACAAGTTCATCCGGTAAGGCTCTGA,1
GAGATTCCATCTCAGGATCTGAGTCAGGACGT,GAGATTCCATCTCAGGATCTGAGTCAGGACGT,1
CGCTCATTAAGCAACGTCCGGTAATAATCTTA,CGCTCATTAAGCAACGTCCGGTAATAATCTTA,1
TCTCGCGCTATGCCATATTCGTTGCAGGACGT,GTGAGCTCACGACCACCCGTTTGCGCGGTGGC,1
TCCGCGAAGAATTACGATAGCCTTCCTATCCT,TCCGCGAAGAATTACGATAGCCTTCCTATCCT,1
TAATGCGCAACCAGGTATTCGTTGGTACTGAC,TAATGCGCAACCAGGTATTCGTTGGTACTGAC,1
CTGAAGCTCGTACTAGTATCCTCTATAGAGGC,CTGAAGCTCGTACTAGTATCCTCTATAGAGGC,1
GAGATTCCGGAGCTACGCGTAAGAATAGAGGC,GAGATTCCGGAGCTACGCGTAAGAATAGAGGC,1
GAGATTCCCGCTTGATTTCATCCATAATCTTA,GAGATTCCCGCTTGATTTCATCCATAATCTTA,1
CGGCTATGTTCCATCCTCCGGTAACCTATCCT,CGGCTATGTTCCATCCTCCGGTAACCTATCCT,1
GAGATTCCTGCCAATTTTGGAAGTCAGGACGT,GAGATTCCTGCCAATTTTGGAAGTCAGGACGT,1
TCCGCGAATCTATCCGTGCCTTACGTACTGAC,TCCGCGAATCTATCCGTGCCTTACGTACTGAC,1
CGGCTATGGCAACCTAGGTTAGACCCTATCCT,CGGCTATGGCAACCTAGGTTAGACCCTATCCT,1
GAGATTCCACGTTCGAAAGAGATGATAGAGGC,GAGATTCCACGTTCGAAAGAGATGATAGAGGC,1
TAATGCGCGGACTCCTTCTCTCCGCCTATCCT,TAATGCGCGGACTCCTTCTCTCCGCCTATCCT,1
ATTCAGAATAAGGCGATTCTAGCTGGCTCTGA,ATTCAGAATAAGGCGATTCTAGCTGGCTCTGA,1
CTGAAGCTTTAGCCTCATAGCCTTCCTATCCT,CTGAAGCTTTAGCCTCATAGCCTTCCTATCCT,1
GAGATTCCCAGAACTGTAAGATCCGTACTGAC,GAGATTCCCAGAACTGTAAGATCCGTACTGAC,1
GAGATTCCTACGCTGCGAGCCTTACAGGACGT,GAGATTCCTACGCTGCGAGCCTTACAGGACGT,1
CGCTCATTGTCTACCAAGGATAACTAATCTTA,CGCTCATTGTCTACCAAGGATAACTAATCTTA,1
CGGCTATGAAGCAACGTTGGAAGTATAGAGGC,CGGCTATGAAGCAACGTTGGAAGTATAGAGGC,1
ATTACTCGACTGAGCGCGTCTAATTAATCTTA,ATTACTCGACTGAGCGCGTCTAATTAATCTTA,1
TAATGCGCCTTCAATGAGGATAACCAGGACGT,TGGTTAATTTGACGTAGTATGAACAATAGCTT,1
ATTACTCGCGTATAGATTACGACCCAGGACGT,ATTACTCGCGTATAGATTACGACCCAGGACGT,1
ATTACTCGTTCCATCCTGCCTTACGTACTGAC,ATTACTCGTTCCATCCTGCCTTACGTACTGAC,1
TCCGCGAAGCTCATGACTCTCTATGTACTGAC,TCCGCGAAGCTCATGACTCTCTATGTACTGAC,1
TCCGGAGATACGCTGCCTAAGCCTTAATCTTA,TCCGGAGATACGCTGCCTAAGCCTTAATCTTA,1
ATTCAGAAGTCATGAATTACGACCTATAGCCT,ATTCAGAAGTCATGAATTACGACCTATAGCCT,1
AGCGATAGTCTATCCGAAGAGATGAGGCGAAG,AAGCGTTATCGCTATAATCGAAACCCTCTCGG,1
AGCGATAGTAAGGCGATCGACTAGCAGGACGT,AGCGATAGTAAGGCGATCGACTAGCAGGACGT,1
CTGAAGCTTGCCAATTGGATACTATATAGCCT,CTGAAGCTTGCCAATTGGATACTATATAGCCT,1
AGCGATAGGGACTCCTCTCTCTATATAGAGGC,AGCGATAGGGACTCCTCTCTCTATATAGAGGC,1
CGGCTATGAAGAGGCATCGACTAGATAGAGGC,CGGCTATGAAGAGGCATCGACTAGATAGAGGC,1
TCTCGCGCGCTCATGATCTCTCCGCCTATCCT,TCTCGCGCGCTCATGATCTCTCCGCCTATCCT,1
ATTCAGAAGCTCATGAATCTGAGTCAGGACGT,ATTCAGAAGCTCATGAATCTGAGTCAGGACGT,1
TAATGCGCTCGACGTCCGTCTAATCAGGACGT,TAATGCGCTCGACGTCCGTCTAATCAGGACGT,1
TCCGCGAAGCGTAGTAACTGCATAGTACTGAC,TCCGCGAAGCGTAGTAACTGCATAGTACTGAC,1
CTGAAGCTACGAATCTAAGAGATGGGCTCTGA,CTGAAGCTACGAATCTAAGAGATGGGCTCTGA,1
CGGCTATGCGATCAGTAAGGAGTAGTACTGAC,CGGCTATGCGATCAGTAAGGAGTAGTACTGAC,1
TCCGGAGATACTGCCTGAAGTATGCAGGACGT,TCCGGAGATACTGCCTGAAGTATGCAGGACGT,1
CTGAAGCTTTAGCCTCGGTTAGACTAATCTTA,CTGAAGCTTTAGCCTCGGTTAGACTAATCTTA,1
CGCTCATTCGCTTGATTTACGACCCCTATCCT,CGCTCATTCGCTTGATTTACGACCCCTATCCT,1
CGGCTATGACTCGCTATTATGCGAAGGCGAAG,AAGCTATATTCGAGTCGAGGGAAATGCGTAAG,1
TAATGCGCTATGGTCGGGTTAGACCAGGACGT,TAATGCGCTATGGTCGGGTTAGACCAGGACGT,1
TCCGCGAACGCTTGATTTCATCCAGTACTGAC,TCCGCGAACGCTTGATTTCATCCAGTACTGAC,1
TCCGGAGATATGCCATTCCGGTAAAGGCGAAG,TCCGGAGATATGCCATTCCGGTAAAGGCGAAG,1
TAATGCGCAAGCAACGTTACGACCCCTATCCT,TAATGCGCAAGCAACGTTACGACCCCTATCCT,1
CGGCTATGAAGCAACGATAGCCTTTAATCTTA,CGGCTATGAAGCAACGATAGCCTTTAATCTTA,1
ATTACTCGGGAGCTACCCTAGAGTCAGGACGT,ATTACTCGGGAGCTACCCTAGAGTCAGGACGT,1
TCCGCGAATCTATCCGAATGACGTCAGGACGT,TCCGCGAATCTATCCGAATGACGTCAGGACGT,1
CGCTCATTCTAATGCTAATGACGTCCTATCCT,CGCTCATTCTAATGCTAATGACGTCCTATCCT,1
CGCTCATTGTAGAGGACTAAGCCTCAGGACGT,CGCTCATTGTAGAGGACTAAGCCTCAGGACGT,1
ATTCAGAACTCTCTACTCTCTCCGTAATCTTA,ATTCAGAACTCTCTACTCTCTCCGTAATCTTA,1
TCCGCGAATGCAGCTAGTAAGGAGGTACTGAC,TCCGCGAATGCAGCTAGTAAGGAGGTACTGAC,1
TCCGCGAATTCCATCCTGCCTTACCAGGACGT,TAAGAAACAGAGAAGCACTCCTACTGGAAGGA,1
CGGCTATGGTCTACCAATAGCCTTTAATCTTA,CGGCTATGGTCTACCAATAGCCTTTAATCTTA,1
CTGAAGCTCTTCAATGGGATACTAAGGCGAAG,CTGAAGCTCTTCAATGGGATACTAAGGCGAAG,1
TCCGCGAACGATCAGTAAGGAGTAGTACTGAC,TCCGCGAACGATCAGTAAGGAGTAGTACTGAC,1
CTGAAGCTACTCGCTAGAGCCTTAGGCTCTGA,CTGAAGCTACTCGCTAGAGCCTTAGGCTCTGA,1
GAATTCGTTTAGCCTCTGCCTTACGTACTGAC,TTAGTTCTATGCACCAGCTGAGCCGTTGCTGG,1
AGCGATAGCCTAAGACTCGACTAGCAGGACGT,CTTACAACCGCATAATTGGGATTATAGAGCAG,1
GAGATTCCATCTCAGGTCTCTCCGCAGGACGT,GAGATTCCATCTCAGGTCTCTCCGCAGGACGT,1
TCCGGAGAGAATTACGTTGGAAGTCAGGACGT,TCCGGAGAGAATTACGTTGGAAGTCAGGACGT,1
AGCGATAGGGAGCTACCCTAGAGTCAGGACGT,AGCGATAGGGAGCTACCCTAGAGTCAGGACGT,1
AGCGATAGGTAGAGGATTATGCGATAATCTTA,AGCGATAGGTAGAGGATTATGCGATAATCTTA,1
CGGCTATGGTCATGAAGGATACTATATAGCCT,ATTTGATATCATATGAATCACGAGAGCCAATG,1
CGGCTATGTGCAGCTACTCTCTATGTACTGAC,CGGCTATGTGCAGCTACTCTCTATGTACTGAC,1
TCCGCGAAACGTTCGATAAGATCCGGCTCTGA,TCCGCGAAACGTTCGATAAGATCCGGCTCTGA,1
CTGAAGCTACGTTCGAGGTTAGACGTACTGAC,CTGAAGCTACGTTCGAGGTTAGACGTACTGAC,1
GAGATTCCGAACGGTAAAGAGATGGGCTCTGA,GAGATTCCGAACGGTAAAGAGATGGGCTCTGA,1
GAGATTCCGTAGAGGAACTGCATAGTACTGAC,GAGATTCCGTAGAGGAACTGCATAGTACTGAC,1
ATTACTCGCGCTTGATTCCGGTAAGTACTGAC,ATTACTCGCGCTTGATTCCGGTAAGTACTGAC,1
CTGAAGCTGCCTCAATAATGACGTGGCTCTGA,CTGAAGCTGCCTCAATAATGACGTGGCTCTGA,1
TCTCGCGCCTTCAATGTAAGATCCGGCTCTGA,TCTCGCGCCTTCAATGTAAGATCCGGCTCTGA,1
CTGAAGCTTCTATCCGAGGATAACGGCTCTGA,CTGAAGCTTCTATCCGAGGATAACGGCTCTGA,1
TCTCGCGCGTCATGAAAACGAACGTAATCTTA,TCTCGCGCGTCATGAAAACGAACGTAATCTTA,1
TCCGCGAAGTAGAGGACCTAGAGTGTACTGAC,ATAAGCGCTTGCCGTTACCCGCGTGGATCCCT,1
TAATGCGCGTCATGAATCCGGTAACCTATCCT,AGATGGGGATGCTGTGTTGGACGCACCAACGT,1
TAATGCGCCGTATAGATGCCTTACCCTATCCT,TAATGCGCCGTATAGATGCCTTACCCTATCCT,1
TCCGCGAAACGAATCTAAGAGATGCCTATCCT,TCCGCGAAACGAATCTAAGAGATGCCTATCCT,1
CTGAAGCTTAAGGCGAAAGGAGTACAGGACGT,AACCTAGTTTCAGTTTTTATCGAGGTTTACGG,1
GAATTCGTTATGGTCGTAAGATCCTAATCTTA,GAATTCGTTATGGTCGTAAGATCCTAATCTTA,1
CGCTCATTGGACTCCTTATCCTCTATAGAGGC,CGCTCATTGGACTCCTTATCCTCTATAGAGGC,1
TAATGCGCACGAATCTTTCATCCAGGCTCTGA,ATTCCGAGGCGCGCCAAATGGCGCGTAGCTTT,1
CGGCTATGACGTTCGATTACGACCGGCTCTGA,CGGCTATGACGTTCGATTACGACCGGCTCTGA,1
TCCGCGAAGTCATGAAAACGAACGTAATCTTA,TCCGCGAAGTCATGAAAACGAACGTAATCTTA,1
AGCGATAGTAGCGCTCAAGGAGTACAGGACGT,AGCGATAGTAGCGCTCAAGGAGTACAGGACGT,1
ATTCAGAATGCAGCTATCTCTCCGTAATCTTA,ATTCAGAATGCAGCTATCTCTCCGTAATCTTA,1
CGCTCATTGTAGAGGAACTGCATACAGGACGT,CTTTGCCCAAACGTGCGGCTGGTAGTGCCCAG,1
TAATGCGCCGTATAGAAACGAACGAGGCGAAG,TAAGAAACAGAGAAGCACTCCTACTGGAAGGA,1
ATTACTCGTCTATCCGTTACGACCCAGGACGT,ATTACTCGTCTATCCGTTACGACCCAGGACGT,1
CGCTCATTGCTCATGAATCTGAGTCAGGACGT,CGCTCATTGCTCATGAATCTGAGTCAGGACGT,1
ATTACTCGGCCTCAATAACGAACGGTACTGAC,ATTACTCGGCCTCAATAACGAACGGTACTGAC,1
TCCGCGAAAAGCAACGTTGGAAGTCCTATCCT,TCCGCGAAAAGCAACGTTGGAAGTCCTATCCT,1
CGCTCATTGTCATGAACGAATTCCCAGGACGT,CGCTCATTGTCATGAACGAATTCCCAGGACGT,1
ATTCAGAACGATCAGTGTAAGGAGCAGGACGT,ATTCAGAACGATCAGTGTAAGGAGCAGGACGT,1
ATTCAGAACAAGTTCAGAAGTATGCCTATCCT,ATTCAGAACAAGTTCAGAAGTATGCCTATCCT,1
ATTCAGAACCTAAGACATCTGAGTTAATCTTA,ATTCAGAACCTAAGACATCTGAGTTAATCTTA,1
TCCGGAGAGGAGCTACCTCTCTATCCTATCCT,TCCGGAGAGGAGCTACCTCTCTATCCTATCCT,1
CTGAAGCTTATGGTCGGGTTAGACGGCTCTGA,CTGAAGCTTATGGTCGGGTTAGACGGCTCTGA,1
TCCGGAGATAAGGCGACGTCTAATCAGGACGT,TCCGGAGATAAGGCGACGTCTAATCAGGACGT,1
ATTCAGAATTCCATCCATAGCCTTTAATCTTA,CTGCCATCATCTGACTGAAGCATTACGGGCGG,1
CGGCTATGATCTCAGGGCGTAAGACAGGACGT,CGGCTATGATCTCAGGGCGTAAGACAGGACGT,1
CTGAAGCTATAAGTCGAACGAACGCCTATCCT,CTGAAGCTATAAGTCGAACGAACGCCTATCCT,1
TAATGCGCGTCATGAAAACGAACGCCTATCCT,TAATGCGCGTCATGAAAACGAACGCCTATCCT,1
CGCTCATTTGCCAATTAACGAACGCAGGACGT,CGCTCATTTGCCAATTAACGAACGCAGGACGT,1
AGCGATAGGCGTAGTATTATGCGATAATCTTA,AGCGATAGGCGTAGTATTATGCGATAATCTTA,1
TAATGCGCCTCTGGTATTATGCGATAATCTTA,GGCTAGATTCTGAGACTCAAGTCGACGAACTC,1
GAGATTCCTAGCGCTCATCTGAGTTAATCTTA,TGGTTAATTTGACGTAGTATGAACAATAGCTT,1
TCTCGCGCCAGAACTGTCCGGTAATATAGCCT,TCTCGCGCCAGAACTGTCCGGTAATATAGCCT,1
GAGATTCCGTCATGAATCCGGTAACAGGACGT,TGCCGAACCCCTACATTCACATCGCATTGTCG,1
CTGAAGCTTACTGCCTTCCGGTAATAATCTTA,CTGAAGCTTACTGCCTTCCGGTAATAATCTTA,1
TAATGCGCAAGAGGCACTCTCTATGTACTGAC,TAATGCGCAAGAGGCACTCTCTATGTACTGAC,1
CGCTCATTTAAGGCGACTAAGCCTTAATCTTA,CGCTCATTTAAGGCGACTAAGCCTTAATCTTA,1
CTGAAGCTTAAGGCGACTCTCTATTAATCTTA,CTGAAGCTTAAGGCGACTCTCTATTAATCTTA,1
ATTCAGAATAGGCATGCTCTCTATATAGAGGC,ATTCAGAATAGGCATGCTCTCTATATAGAGGC,1
GAGATTCCCGCTTGATTCCGGTAAGGCTCTGA,GAGATTCCCGCTTGATTCCGGTAAGGCTCTGA,1
GAGATTCCATCTCAGGCCTAGAGTTAATCTTA,GAGATTCCATCTCAGGCCTAGAGTTAATCTTA,1
GAGATTCCTACTGCCTTTCATCCATATAGCCT,GAGATTCCTACTGCCTTTCATCCATATAGCCT,1
AGCGATAGCGAGGCTGACTGCATACCTATCCT,AGCGATAGCGAGGCTGACTGCATACCTATCCT,1
TAATGCGCTTAGCCTCAGGATAACCAGGACGT,TAATGCGCTTAGCCTCAGGATAACCAGGACGT,1
GAATTCGTGCTCATGACCTAGAGTCAGGACGT,GAATTCGTGCTCATGACCTAGAGTCAGGACGT,1
CTGAAGCTTTCCATCCTGCCTTACATAGAGGC,CTGAAGCTTTCCATCCTGCCTTACATAGAGGC,1
TCCGCGAAGAACGGTAGGATACTATAATCTTA,GTTTTTCAGCCCTCAGGTATGGCAACTGCGTG,1
TCCGCGAATTAGCCTCGAAGTATGGTACTGAC,TCCGCGAATTAGCCTCGAAGTATGGTACTGAC,1
CGCTCATTAAGCAACGAGGATAACGTACTGAC,CGCTCATTAAGCAACGAGGATAACGTACTGAC,1
ATTCAGAACCTAAGACCTAAGCCTCCTATCCT,ATTCAGAACCTAAGACCTAAGCCTCCTATCCT,1
CTGAAGCTCGTATAGAAAGAGATGCAGGACGT,ACATCGATCGCTTCTAATCTCGACTGTTTCCT,1
CTGAAGCTCGATCAGTGCGTAAGAGTACTGAC,CTGAAGCTCGATCAGTGCGTAAGAGTACTGAC,1
CTGAAGCTGTCTACCAATAGCCTTGTACTGAC,AACGGGCTGTTGTATGTCTGAATGTGACGATA,1
ATTACTCGCGATCAGTGCGTAAGAATAGAGGC,ATTACTCGCGATCAGTGCGTAAGAATAGAGGC,1
TCTCGCGCTATGGTCGTTGGAAGTGTACTGAC,TCTCGCGCTATGGTCGTTGGAAGTGTACTGAC,1
TCCGCGAACCTAAGACACTGCATACAGGACGT,TCCGCGAACCTAAGACACTGCATACAGGACGT,1
TCCGCGAATACGCTGCTCGACTAGTAATCTTA,TCCGCGAATACGCTGCTCGACTAGTAATCTTA,1
CTGAAGCTGAATTACGGGTTAGACCAGGACGT,CTGAAGCTGAATTACGGGTTAGACCAGGACGT,1
CGCTCATTCTAATGCTAAGAGATGCAGGACGT,CGCTCATTCTAATGCTAAGAGATGCAGGACGT,1
TAATGCGCTAGGCATGATCTGAGTGTACTGAC,TAATGCGCTAGGCATGATCTGAGTGTACTGAC,1
GAGATTCCTTCCATCCAGGATAACCCTATCCT,GAGATTCCTTCCATCCAGGATAACCCTATCCT,1
CTGAAGCTGCTCATGAGAGCCTTACAGGACGT,CTGAAGCTGCTCATGAGAGCCTTACAGGACGT,1
TCTCGCGCATAAGTCGTAAGATCCCAGGACGT,GAGCTAAAAGTAGGGGTCTATTAAAGTTATTG,1
ATTCAGAATCTATCCGAATGACGTTAATCTTA,ATTCAGAATCTATCCGAATGACGTTAATCTTA,1
TAATGCGCATAAGTCGAATGACGTCCTATCCT,TAATGCGCATAAGTCGAATGACGTCCTATCCT,1
TCTCGCGCTACTGCCTTTACGACCGTACTGAC,TCTCGCGCTACTGCCTTTACGACCGTACTGAC,1
TAATGCGCTCTATCCGCGAATTCCGTACTGAC,TAATGCGCTCTATCCGCGAATTCCGTACTGAC,1
GAGATTCCGGACTCCTCTCTCTATGTACTGAC,GAGATTCCGGACTCCTCTCTCTATGTACTGAC,1
CTGAAGCTGTCTACCACGAATTCCCCTATCCT,CTGAAGCTGTCTACCACGAATTCCCCTATCCT,1
CGCTCATTGAATTACGTTACGACCTAATCTTA,CGCTCATTGAATTACGTTACGACCTAATCTTA,1
TCCGCGAAAGGCAGAACTCTCTATTAATCTTA,TCCGCGAAAGGCAGAACTCTCTATTAATCTTA,1
AGCGATAGTCTATCCGATTCGTTGTATAGCCT,CACTGGCCCTTTGGACAGAGTGAGCAAATATA,1
TCCGGAGAAACCAGGTTTACGACCGTACTGAC,TCCGGAGAAACCAGGTTTACGACCGTACTGAC,1
TAATGCGCTACTGCCTTGCCTTACTATAGCCT,TAATGCGCTACTGCCTTGCCTTACTATAGCCT,1
TCTCGCGCTCTATCCGAGGATAACCAGGACGT,CTACGGCTACCGGCGCGCTCCAGCAGCGCGAC,1
ATTCAGAATTAGCCTCGAAGTATGCAGGACGT,ATTCAGAATTAGCCTCGAAGTATGCAGGACGT,1
ATTCAGAATCCTGAGCAAGGCTATGTACTGAC,ATTCAGAATCCTGAGCAAGGCTATGTACTGAC,1
CTGAAGCTTCGACGTCTCTCTCCGGTACTGAC,CTGAAGCTTCGACGTCTCTCTCCGGTACTGAC,1
AGCGATAGTCCTGAGCCTCTCTATCAGGACGT,AGCGATAGTCCTGAGCCTCTCTATCAGGACGT,1
TAATGCGCGTCATGAACGAATTCCTAATCTTA,TAATGCGCGTCATGAACGAATTCCTAATCTTA,1
ATTACTCGTCTATCCGTTCATCCACAGGACGT,ATTACTCGTCTATCCGTTCATCCACAGGACGT,1
ATTCAGAAATAAGTCGAGGATAACATAGAGGC,ATTCAGAAATAAGTCGAGGATAACATAGAGGC,1
TCCGCGAATCTATCCGATTCGTTGAGGCGAAG,TCCGCGAATCTATCCGATTCGTTGAGGCGAAG,1
AGCGATAGGAACGGTAATAGCCTTTATAGCCT,AGCGATAGGAACGGTAATAGCCTTTATAGCCT,1
GAGATTCCCGAGGCTGTCTCTCCGTAATCTTA,GAGATTCCCGAGGCTGTCTCTCCGTAATCTTA,1
ATTACTCGGGAGCTACATCTGAGTCAGGACGT,CTTTGCCCAAACGTGCGGCTGGTAGTGCCCAG,1
CTGAAGCTGCAACCTACGAATTCCGGCTCTGA,AGGTACGTTTATAAAGCAGACCTCGATGCTGA,1
ATTCAGAATCTATCCGGAAGTATGCAGGACGT,ATTCAGAATCTATCCGGAAGTATGCAGGACGT,1
CGCTCATTCAGAACTGTTACGACCATAGAGGC,CGCTCATTCAGAACTGTTACGACCATAGAGGC,1
TAATGCGCTACGCTGCTTATGCGACAGGACGT,TAATGCGCTACGCTGCTTATGCGACAGGACGT,1
AGCGATAGTGCCAATTTCCGGTAAAGGCGAAG,AGCGATAGTGCCAATTTCCGGTAAAGGCGAAG,1
ATTCAGAAACTCGCTAGTAAGGAGATAGAGGC,ATTCAGAAACTCGCTAGTAAGGAGATAGAGGC,1
CTGAAGCTACGAATCTTTGGAAGTGGCTCTGA,CTGAAGCTACGAATCTTTGGAAGTGGCTCTGA,1
TCCGCGAAAACCAGGTAAGAGATGCAGGACGT,TCCGCGAAAACCAGGTAAGAGATGCAGGACGT,1
TAATGCGCGTCATGAATTACGACCGTACTGAC,GCGTCCGATGTAACTTCGTTGATCTCTCGAGG,1
CGGCTATGATGCGCAGCTCTCTATTAATCTTA,CGGCTATGATGCGCAGCTCTCTATTAATCTTA,1
TAATGCGCAACCAGGTAACGAACGTAATCTTA,TAATGCGCAACCAGGTAACGAACGTAATCTTA,1
TCCGGAGATGCCAATTAATGACGTGTACTGAC,TCCGGAGATGCCAATTAATGACGTGTACTGAC,1
TCCGGAGAATAAGTCGTTCATCCACAGGACGT,TCCGGAGAATAAGTCGTTCATCCACAGGACGT,1
CTGAAGCTATAAGTCGTTACGACCTAATCTTA,CTGAAGCTATAAGTCGTTACGACCTAATCTTA,1
CGCTCATTTTCCATCCGAAGTATGAGGCGAAG,CGCTCATTTTCCATCCGAAGTATGAGGCGAAG,1
TCCGGAGAATCTCAGGGTAAGGAGATAGAGGC,TCCGGAGAATCTCAGGGTAAGGAGATAGAGGC,1
TCCGCGAATATGCCATTCCGGTAAGGCTCTGA,TCCGCGAATATGCCATTCCGGTAAGGCTCTGA,1
CGGCTATGTACTGCCTGGATACTAAGGCGAAG,CGGCTATGTACTGCCTGGATACTAAGGCGAAG,1
CGGCTATGGCAACCTACGAATTCCGTACTGAC,CAACTTAGTCGTTCCTCCTGACGGTCTCTATC,1
TCCGGAGAAGGCAGAATTATGCGACAGGACGT,TCCGGAGAAGGCAGAATTATGCGACAGGACGT,1
ATTCAGAAATGCGCAGCTAAGCCTCCTATCCT,ATTCAGAAATGCGCAGCTAAGCCTCCTATCCT,1
CGGCTATGACGAATCTTTCATCCATAATCTTA,CGGCTATGACGAATCTTTCATCCATAATCTTA,1
ATTCAGAAATAAGTCGTTCATCCACAGGACGT,ATTCAGAAATAAGTCGTTCATCCACAGGACGT,1
TAATGCGCTCTATCCGTCCGGTAACAGGACGT,TAATGCGCTCTATCCGTCCGGTAACAGGACGT,1
TAATGCGCTGCCAATTAAGAGATGCCTATCCT,TAATGCGCTGCCAATTAAGAGATGCCTATCCT,1
TAATGCGCTTCCATCCGGTTAGACGTACTGAC,TAATGCGCTTCCATCCGGTTAGACGTACTGAC,1
CGCTCATTCGCTTGATAAGAGATGTAATCTTA,CGCTCATTCGCTTGATAAGAGATGTAATCTTA,1
TCTCGCGCAGGCAGAACCTAGAGTGTACTGAC,TCTCGCGCAGGCAGAACCTAGAGTGTACTGAC,1
ATTCAGAACGAGGCTGTATCCTCTGGCTCTGA,ATTCAGAACGAGGCTGTATCCTCTGGCTCTGA,1
GAATTCGTCTAATGCTAGGATAACGTACTGAC,GAGATTTAAAGCGTTCGGGTAACTCTGCCAGC,1
AGCGATAGTCTATCCGGGATACTACCTATCCT,ACCGAATTCACGCATAAAATCCGACTTGTGAC,1
TCCGCGAAGCAACCTAGGATACTAGTACTGAC,TCCGCGAAGCAACCTAGGATACTAGTACTGAC,1
TCCGCGAACGTATAGAAATGACGTATAGAGGC,TGCTAAGGCTAATTAGATTTCGTCTACGCCCC,1
AGCGATAGGTCTACCAAACGAACGTATAGCCT,AGCGATAGGTCTACCAAACGAACGTATAGCCT,1
ATTCAGAAACTCGCTATTATGCGAGGCTCTGA,ATTCAGAAACTCGCTATTATGCGAGGCTCTGA,1
TCTCGCGCGCTCATGAAAGGCTATGTACTGAC,CCCAGAGATATCAACGTGTTCACTTGCTGTAA,1
CGGCTATGACTGAGCGATCTGAGTCAGGACGT,CGGCTATGACTGAGCGATCTGAGTCAGGACGT,1
TAATGCGCTACTGCCTGGATACTACAGGACGT,TAATGCGCTACTGCCTGGATACTACAGGACGT,1
GAGATTCCATGCGCAGTTCTAGCTGTACTGAC,GAGATTCCATGCGCAGTTCTAGCTGTACTGAC,1
ATTCAGAACGTATAGATCCGGTAATAATCTTA,ATTCAGAACGTATAGATCCGGTAATAATCTTA,1
TCCGGAGAGTCTACCATTACGACCGTACTGAC,TCCGGAGAGTCTACCATTACGACCGTACTGAC,1
GAGATTCCAACCAGGTTAAGATCCCAGGACGT,TCAAGTATCGGTTACTCCAACGAGCTTTCCGG,1
CGGCTATGACTGAGCGACTGCATACAGGACGT,CGGCTATGACTGAGCGACTGCATACAGGACGT,1
CGGCTATGTATGCCATATAGCCTTGTACTGAC,CGGCTATGTATGCCATATAGCCTTGTACTGAC,1
ATTCAGAAGTAGAGGAGAGCCTTACCTATCCT,CTGGTATGTAAGTCTATCCTGCCCCATCTCCC,1
CGGCTATGCGTATAGAATAGCCTTTATAGCCT,CGGCTATGCGTATAGAATAGCCTTTATAGCCT,1
TCCGCGAAAGGCAGAAACTGCATACCTATCCT,TCCGCGAAAGGCAGAAACTGCATACCTATCCT,1
GAGATTCCTATGCCATATTCGTTGTATAGCCT,GAGATTCCTATGCCATATTCGTTGTATAGCCT,1
AGCGATAGGCGTAGTACTCTCTATGTACTGAC,AGCGATAGGCGTAGTACTCTCTATGTACTGAC,1
AGCGATAGGCAACCTAGGATACTAGTACTGAC,AGCGATAGGCAACCTAGGATACTAGTACTGAC,1
AGCGATAGTAAGGCGATCGACTAGGTACTGAC,AGCGATAGTAAGGCGATCGACTAGGTACTGAC,1
CTGAAGCTCAAGTTCAAACGAACGTATAGCCT,CTGAAGCTCAAGTTCAAACGAACGTATAGCCT,1
AGCGATAGCTAATGCTTTACGACCATAGAGGC,ATGTGTTGCCTCTGGGCTGGCATGATATGCTG,1
AGCGATAGCAAGTTCAATTCGTTGTAATCTTA,AGCGATAGCAAGTTCAATTCGTTGTAATCTTA,1
TCCGCGAACTAATGCTATAGCCTTTAATCTTA,TCCGCGAACTAATGCTATAGCCTTTAATCTTA,1
ATTCAGAACTTCAATGATAGCCTTCAGGACGT,ATTCAGAACTTCAATGATAGCCTTCAGGACGT,1
TCCGCGAAGAATTACGGAAGTATGTAATCTTA,TCCGCGAAGAATTACGGAAGTATGTAATCTTA,1
CGGCTATGGTCATGAATAAGATCCGGCTCTGA,CGGCTATGGTCATGAATAAGATCCGGCTCTGA,1
GAGATTCCTATGGTCGGGTTAGACTAATCTTA,GAGATTCCTATGGTCGGGTTAGACTAATCTTA,1
CTGAAGCTCAGAACTGAATGACGTTAATCTTA,CTGAAGCTCAGAACTGAATGACGTTAATCTTA,1
ATTACTCGTGCAGCTACCTAGAGTGTACTGAC,ATTACTCGTGCAGCTACCTAGAGTGTACTGAC,1
ATTCAGAAGAACGGTATCCGGTAAAGGCGAAG,ATTCAGAAGAACGGTATCCGGTAAAGGCGAAG,1
GAGATTCCGAACGGTACGAATTCCATAGAGGC,GAGATTCCGAACGGTACGAATTCCATAGAGGC,1
ATTCAGAATTAGCCTCAATGACGTTAATCTTA,ATTCAGAATTAGCCTCAATGACGTTAATCTTA,1
CGCTCATTGAACGGTAAGGATAACCAGGACGT,CGCTCATTGAACGGTAAGGATAACCAGGACGT,1
GAGATTCCCTTCAATGTTCATCCACAGGACGT,GAGATTCCCTTCAATGTTCATCCACAGGACGT,1
TCCGCGAAGTCTACCAAATGACGTCAGGACGT,TCCGCGAAGTCTACCAAATGACGTCAGGACGT,1
TCCGCGAACTAATGCTTTGGAAGTAGGCGAAG,TCCGCGAACTAATGCTTTGGAAGTAGGCGAAG,1
TAATGCGCCCTAAGACGCGTAAGAGTACTGAC,TAATGCGCCCTAAGACGCGTAAGAGTACTGAC,1
CTGAAGCTTACGCTGCATCTGAGTCAGGACGT,CTGAAGCTTACGCTGCATCTGAGTCAGGACGT,1
CGCTCATTAAGCAACGTTGGAAGTTATAGCCT,CGCTCATTAAGCAACGTTGGAAGTTATAGCCT,1
CGGCTATGGGAGCTACGAGCCTTAATAGAGGC,CGGCTATGGGAGCTACGAGCCTTAATAGAGGC,1
TAATGCGCGCCTCAATATTCGTTGTATAGCCT,TAATGCGCGCCTCAATATTCGTTGTATAGCCT,1
CGCTCATTCAGAACTGGGATACTACCTATCCT,CGCTCATTCAGAACTGGGATACTACCTATCCT,1
GAGATTCCGCAACCTATAAGATCCGTACTGAC,GAGATTCCGCAACCTATAAGATCCGTACTGAC,1
CGCTCATTACTGAGCGCTCTCTATGTACTGAC,CGCTCATTACTGAGCGCTCTCTATGTACTGAC,1
ATTACTCGTACTGCCTTTCATCCAGGCTCTGA,ATTACTCGTACTGCCTTTCATCCAGGCTCTGA,1
AGCGATAGTCCTGAGCTATCCTCTCAGGACGT,AGCGATAGTCCTGAGCTATCCTCTCAGGACGT,1
TCCGCGAACGTACTAGAAGGAGTACAGGACGT,TCCGCGAACGTACTAGAAGGAGTACAGGACGT,1
GAGATTCCTAAGGCGATTATGCGACAGGACGT,GAGATTCCTAAGGCGATTATGCGACAGGACGT,1
AGCGATAGGTCATGAACGAATTCCAGGCGAAG,AGCGATAGGTCATGAACGAATTCCAGGCGAAG,1
CTGAAGCTTCTATCCGAACGAACGATAGAGGC,CTGAAGCTTCTATCCGAACGAACGATAGAGGC,1
ATTCAGAAACTCGCTATTCTAGCTATAGAGGC,ATTCAGAAACTCGCTATTCTAGCTATAGAGGC,1
ATTCAGAATACTGCCTATAGCCTTCCTATCCT,ATTCAGAATACTGCCTATAGCCTTCCTATCCT,1
TCCGCGAACTTCAATGAAGAGATGCAGGACGT,TCCGCGAACTTCAATGAAGAGATGCAGGACGT,1
CGCTCATTTCGACGTCGTAAGGAGTATAGCCT,CGCTCATTTCGACGTCGTAAGGAGTATAGCCT,1
CGCTCATTGCAACCTAATAGCCTTTAATCTTA,CGCTCATTGCAACCTAATAGCCTTTAATCTTA,1
CGGCTATGTATGGTCGGGATACTAGGCTCTGA,CGGCTATGTATGGTCGGGATACTAGGCTCTGA,1
CGGCTATGCGTATAGAGGATACTAGTACTGAC,CGGCTATGCGTATAGAGGATACTAGTACTGAC,1
CTGAAGCTCTTCAATGGAAGTATGGGCTCTGA,CTGAAGCTCTTCAATGGAAGTATGGGCTCTGA,1
TCCGGAGACAAGTTCAAACGAACGGGCTCTGA,TCCGGAGACAAGTTCAAACGAACGGGCTCTGA,1
CGCTCATTCGTACTAGCCTAGAGTCCTATCCT,CTTTAACACGTATGACTAGTAGTACTTACGTT,1
CTGAAGCTTATGCCATTTCATCCAATAGAGGC,CTGAAGCTTATGCCATTTCATCCAATAGAGGC,1
ATTCAGAAGAATTACGATTCGTTGGTACTGAC,ATTCAGAAGAATTACGATTCGTTGGTACTGAC,1
CGGCTATGAAGCAACGGGTTAGACCAGGACGT,CGGCTATGAAGCAACGGGTTAGACCAGGACGT,1
CGGCTATGGCCTCAATAACGAACGATAGAGGC,CGGCTATGGCCTCAATAACGAACGATAGAGGC,1
CTGAAGCTATGCGCAGATCTGAGTTAATCTTA,CTGAAGCTATGCGCAGATCTGAGTTAATCTTA,1
ATTCAGAATTAGCCTCGAAGTATGCCTATCCT,ATTCAGAATTAGCCTCGAAGTATGCCTATCCT,1
CGCTCATTCGCTTGATCGAATTCCTAATCTTA,CGCTCATTCGCTTGATCGAATTCCTAATCTTA,1
TCCGCGAAGTCTACCATGCCTTACGGCTCTGA,TCCGCGAAGTCTACCATGCCTTACGGCTCTGA,1
CGGCTATGCTTCAATGCGAATTCCTAATCTTA,CGGCTATGCTTCAATGCGAATTCCTAATCTTA,1
TCCGCGAATCCTGAGCGTAAGGAGCAGGACGT,TCCGCGAATCCTGAGCGTAAGGAGCAGGACGT,1
GAGATTCCCGTACTAGTCTCTCCGTAATCTTA,GAGATTCCCGTACTAGTCTCTCCGTAATCTTA,1
GAGATTCCCTCTCTACGTAAGGAGTAATCTTA,GAGATTCCCTCTCTACGTAAGGAGTAATCTTA,1
TCCGGAGATACTGCCTGGATACTAATAGAGGC,CACTGGCCCTTTGGACAGAGTGAGCAAATATA,1
AGCGATAGCAAGTTCATCCGGTAAATAGAGGC,AGCGATAGCAAGTTCATCCGGTAAATAGAGGC,1
TCCGCGAAGCGTAGTAAAGGCTATCAGGACGT,GAGTTTGTTAGATGGAACCAGCCGCCAAACAC,1
GAGATTCCAACCAGGTAGGATAACGTACTGAC,GAGATTCCAACCAGGTAGGATAACGTACTGAC,1
CTGAAGCTTATGCCATGGATACTAAGGCGAAG,CTGAAGCTTATGCCATGGATACTAAGGCGAAG,1
TCCGCGAATACTGCCTAAGAGATGGTACTGAC,TCCGCGAATACTGCCTAAGAGATGGTACTGAC,1
TCCGGAGAAAGCAACGTTACGACCCCTATCCT,TCCGGAGAAAGCAACGTTACGACCCCTATCCT,1
ATTCAGAAAAGCAACGATTCGTTGCCTATCCT,ATTCAGAAAAGCAACGATTCGTTGCCTATCCT,1
ATTCAGAAATCTCAGGACTGCATAGGCTCTGA,ATTCAGAAATCTCAGGACTGCATAGGCTCTGA,1
CGGCTATGCGTATAGATTGGAAGTTAATCTTA,TTGACGCAAGATTATTGTAAAGGGTTACACCC,1
CTGAAGCTAAGAGGCACTAAGCCTTATAGCCT,CTGAAGCTAAGAGGCACTAAGCCTTATAGCCT,1
ATTCAGAATCTATCCGAACGAACGGTACTGAC,AGCAAATGGTCCGACAACCCCAAGTCCGTACG,1
TCCGCGAAGAATTACGTTACGACCTAATCTTA,TCCGCGAAGAATTACGTTACGACCTAATCTTA,1
CTGAAGCTCTCTGGTATATCCTCTCAGGACGT,CTGAAGCTCTCTGGTATATCCTCTCAGGACGT,1
GAATTCGTCTTCAATGTGCCTTACCAGGACGT,GAATTCGTCTTCAATGTGCCTTACCAGGACGT,1
ATTCAGAATAGCGCTCTCTCTCCGCAGGACGT,ATTCAGAATAGCGCTCTCTCTCCGCAGGACGT,1
ATTACTCGGTCATGAATTCATCCAGTACTGAC,ATTACTCGGTCATGAATTCATCCAGTACTGAC,1
CTGAAGCTTATGCCATGAAGTATGCAGGACGT,CTGAAGCTTATGCCATGAAGTATGCAGGACGT,1
CGGCTATGACTGAGCGGAGCCTTAGTACTGAC,CGGCTATGACTGAGCGGAGCCTTAGTACTGAC,1
GAGATTCCACTGAGCGATCTGAGTCCTATCCT,CAAGGCAAAGCAAGACTATCGGAATACGTCTC,1
AGCGATAGTTAGCCTCTAAGATCCGTACTGAC,AGCGATAGTTAGCCTCTAAGATCCGTACTGAC,1
TCCGGAGAGCTCATGATTATGCGAGTACTGAC,GACTGCTCCTTAGGGTAAACCTCGTGAACAGC,1
CTGAAGCTTCCTGAGCTCGACTAGTATAGCCT,TGGTTGGAATGAAAGTCTTACGTTATATCCAG,1
GAGATTCCTTCCATCCTTACGACCAGGCGAAG,GAGATTCCTTCCATCCTTACGACCAGGCGAAG,1
CTGAAGCTCGCTTGATATTCGTTGCAGGACGT,CTGAAGCTCGCTTGATATTCGTTGCAGGACGT,1
ATTACTCGGCAACCTATGCCTTACTAATCTTA,ATTACTCGGCAACCTATGCCTTACTAATCTTA,1
AGCGATAGGAACGGTATGCCTTACATAGAGGC,TGCCGAACCCCTACATTCACATCGCATTGTCG,1
TCCGCGAAACGTTCGATGCCTTACGTACTGAC,CTTTAACACGTATGACTAGTAGTACTTACGTT,1
GAGATTCCCTTCAATGTGCCTTACTAATCTTA,GAGATTCCCTTCAATGTGCCTTACTAATCTTA,1
GAATTCGTCAAGTTCATGCCTTACCAGGACGT,GAATTCGTCAAGTTCATGCCTTACCAGGACGT,1
TCCGGAGACGAGGCTGAAGGCTATGGCTCTGA,TCCGGAGACGAGGCTGAAGGCTATGGCTCTGA,1
TCCGCGAATATGCCATAACGAACGAGGCGAAG,TCCGCGAATATGCCATAACGAACGAGGCGAAG,1
TCTCGCGCTTAGCCTCAGGATAACTAATCTTA,TCTCGCGCTTAGCCTCAGGATAACTAATCTTA,1
TCCGCGAAGCTCATGATTCTAGCTTATAGCCT,CTCCTATAGCTCTTACGAAGTCTCCCAGCTCG,1
CGGCTATGGTAGAGGAACTGCATACAGGACGT,CGGCTATGGTAGAGGAACTGCATACAGGACGT,1
TCTCGCGCGTCTACCAGGATACTATAATCTTA,TCTCGCGCGTCTACCAGGATACTATAATCTTA,1
TAATGCGCGCCTCAATGAAGTATGTAATCTTA,TAATGCGCGCCTCAATGAAGTATGTAATCTTA,1
CGGCTATGGTCATGAATTGGAAGTTAATCTTA,CGGCTATGGTCATGAATTGGAAGTTAATCTTA,1
ATTCAGAACTTCAATGTTACGACCGGCTCTGA,ATTCAGAACTTCAATGTTACGACCGGCTCTGA,1
CTGAAGCTCGTATAGACGAATTCCTAATCTTA,CTGAAGCTCGTATAGACGAATTCCTAATCTTA,1
AGCGATAGAAGCAACGGGATACTACCTATCCT,AGCGATAGAAGCAACGGGATACTACCTATCCT,1
TCTCGCGCTACTGCCTTTACGACCGGCTCTGA,TCTCGCGCTACTGCCTTTACGACCGGCTCTGA,1
CTGAAGCTGGAGCTACGCGTAAGAATAGAGGC,CTGAAGCTGGAGCTACGCGTAAGAATAGAGGC,1
AGCGATAGACGTTCGAAGGATAACCAGGACGT,AGCGATAGACGTTCGAAGGATAACCAGGACGT,1
TCCGCGAACTTCAATGCGAATTCCCAGGACGT,TCCGCGAACTTCAATGCGAATTCCCAGGACGT,1
TCCGGAGACGTACTAGCGTCTAATCCTATCCT,TCCGGAGACGTACTAGCGTCTAATCCTATCCT,1
GAGATTCCCGCTTGATGGATACTAGTACTGAC,ACATCGATCGCTTCTAATCTCGACTGTTTCCT,1
TCCGCGAATTCCATCCCGAATTCCTAATCTTA,CCTATTGATGCGAGCGGCATGTATTCTCGTAC,1
ATTCAGAATAGCGCTCGAGCCTTACAGGACGT,ATTCAGAATAGCGCTCGAGCCTTACAGGACGT,1
CGGCTATGGTCATGAAATAGCCTTTAATCTTA,CGGCTATGGTCATGAAATAGCCTTTAATCTTA,1
CTGAAGCTCGATCAGTCGTCTAATCAGGACGT,CTGAAGCTCGATCAGTCGTCTAATCAGGACGT,1
TAATGCGCCGTATAGATAAGATCCTAATCTTA,TAATGCGCCGTATAGATAAGATCCTAATCTTA,1
CGCTCATTACGAATCTTTACGACCGGCTCTGA,CGCTCATTACGAATCTTTACGACCGGCTCTGA,1
CTGAAGCTATGCGCAGCGTCTAATATAGAGGC,CTGAAGCTATGCGCAGCGTCTAATATAGAGGC,1
TCCGCGAATATGCCATGGTTAGACGGCTCTGA,TCCGCGAATATGCCATGGTTAGACGGCTCTGA,1
TAATGCGCTATGCCATAAGAGATGCAGGACGT,TAATGCGCTATGCCATAAGAGATGCAGGACGT,1
TCCGGAGAACTGAGCGTCGACTAGGTACTGAC,TCCGGAGAACTGAGCGTCGACTAGGTACTGAC,1
TCCGGAGAAACCAGGTATTCGTTGTATAGCCT,GCATCGTCGATTGATGCATGTCCTCCAGAATC,1
ATTCAGAAACGAATCTATTCGTTGGGCTCTGA,ATTCAGAAACGAATCTATTCGTTGGGCTCTGA,1
CGGCTATGTATGGTCGTTACGACCTATAGCCT,CGGCTATGTATGGTCGTTACGACCTATAGCCT,1
TCCGGAGATTAGCCTCAAGAGATGCAGGACGT,TCCGGAGATTAGCCTCAAGAGATGCAGGACGT,1
AGCGATAGTATGGTCGAACGAACGTATAGCCT,AGCGATAGTATGGTCGAACGAACGTATAGCCT,1
ATTACTCGGTCTACCAAGGATAACAGGCGAAG,ATTACTCGGTCTACCAAGGATAACAGGCGAAG,1
TCCGCGAAGCTCATGAGCGTAAGAGGCTCTGA,TCCGCGAAGCTCATGAGCGTAAGAGGCTCTGA,1
GAATTCGTTATGCCATTCCGGTAACAGGACGT,GAATTCGTTATGCCATTCCGGTAACAGGACGT,1
TAATGCGCTAGCGCTCTTCTAGCTGTACTGAC,TAATGCGCTAGCGCTCTTCTAGCTGTACTGAC,1
TCCGCGAACAAGTTCAAACGAACGTAATCTTA,TCCGCGAACAAGTTCAAACGAACGTAATCTTA,1
ATTCAGAAACTGAGCGGCGTAAGACCTATCCT,ATTCAGAAACTGAGCGGCGTAAGACCTATCCT,1
CTGAAGCTACGAATCTATTCGTTGGTACTGAC,CTGAAGCTACGAATCTATTCGTTGGTACTGAC,1
TCCGCGAATTCCATCCATTCGTTGGGCTCTGA,TCCGCGAATTCCATCCATTCGTTGGGCTCTGA,1
TCCGCGAATAGCGCTCCGTCTAATGTACTGAC,CGGCTCACCTGAATACTACGAGAACCTATTAC,1
ATTCAGAACGATCAGTGAGCCTTACAGGACGT,CATTGGGACCTTTAAGGGTTAAGATATACTCT,1
ATTCAGAACTTCAATGATTCGTTGCCTATCCT,ATTCAGAACTTCAATGATTCGTTGCCTATCCT,1
TCCGCGAAGAACGGTATGCCTTACGTACTGAC,TCCGCGAAGAACGGTATGCCTTACGTACTGAC,1
TAATGCGCTAGGCATGGTAAGGAGCAGGACGT,ACATAGTAGCCTAAAAGAGAGTGAGTGTTTTT,1
AGCGATAGAAGAGGCAAAGGAGTACAGGACGT,AGCGATAGAAGAGGCAAAGGAGTACAGGACGT,1
TCCGCGAATACTGCCTTTGGAAGTGTACTGAC,TCCGCGAATACTGCCTTTGGAAGTGTACTGAC,1
CTGAAGCTACGAATCTTTGGAAGTTAATCTTA,CTGAAGCTACGAATCTTTGGAAGTTAATCTTA,1
ATTCAGAACTCTCTACAAGGCTATCCTATCCT,ATTCAGAACTCTCTACAAGGCTATCCTATCCT,1
CGGCTATGCAAGTTCATCCGGTAATAATCTTA,CGGCTATGCAAGTTCATCCGGTAATAATCTTA,1
TCCGCGAAATCTCAGGAAGGAGTACCTATCCT,TCCGCGAAATCTCAGGAAGGAGTACCTATCCT,1
TCCGCGAAGCAACCTATGCCTTACGTACTGAC,TCCGCGAAGCAACCTATGCCTTACGTACTGAC,1
GAGATTCCGTCTACCACGAATTCCATAGAGGC,GAGATTCCGTCTACCACGAATTCCATAGAGGC,1
ATTACTCGTATGGTCGTAAGATCCGTACTGAC,ATTACTCGTATGGTCGTAAGATCCGTACTGAC,1
TCCGCGAAGCAACCTACGAATTCCTAATCTTA,TCCGCGAAGCAACCTACGAATTCCTAATCTTA,1
GAATTCGTACGTTCGATGCCTTACGTACTGAC,GAATTCGTACGTTCGATGCCTTACGTACTGAC,1
AGCGATAGGGAGCTACAAGGCTATTATAGCCT,AGCGATAGGGAGCTACAAGGCTATTATAGCCT,1
CTGAAGCTCAAGTTCATCCGGTAAAGGCGAAG,CTGAAGCTCAAGTTCATCCGGTAAAGGCGAAG,1
ATTCAGAATAAGGCGATTCTAGCTCAGGACGT,GACCATTAGGAAGCGTACTTTGCCCCGACTTT,1
GAGATTCCGCCTCAATGGATACTACAGGACGT,GAGATTCCGCCTCAATGGATACTACAGGACGT,1
TAATGCGCGGAGCTACTCTCTCCGCAGGACGT,TAATGCGCGGAGCTACTCTCTCCGCAGGACGT,1
GAGATTCCATGCGCAGCTAAGCCTTAATCTTA,GAGATTCCATGCGCAGCTAAGCCTTAATCTTA,1
CGGCTATGCAGAACTGTAAGATCCGTACTGAC,AGTGAGTGATTACCCCCATCAGGCGTGTGAAC,1
TCCGCGAACTAATGCTTGCCTTACCAGGACGT,TCCGCGAACTAATGCTTGCCTTACCAGGACGT,1
GAGATTCCTCCTGAGCCCTAGAGTATAGAGGC,GAGATTCCTCCTGAGCCCTAGAGTATAGAGGC,1
ATTCAGAACGATCAGTGCGTAAGATAATCTTA,ATTCAGAACGATCAGTGCGTAAGATAATCTTA,1
CTGAAGCTACTCGCTACCTAGAGTTAATCTTA,CTGAAGCTACTCGCTACCTAGAGTTAATCTTA,1
CTGAAGCTGAACGGTAAATGACGTCAGGACGT,CTGAAGCTGAACGGTAAATGACGTCAGGACGT,1
AGCGATAGCGTATAGAAGGATAACTATAGCCT,AGCGATAGCGTATAGAAGGATAACTATAGCCT,1
TCCGCGAAGTCATGAAGGTTAGACCAGGACGT,CTTACAACCGCATAATTGGGATTATAGAGCAG,1
GAGATTCCGCAACCTATTGGAAGTTAATCTTA,GAGATTCCGCAACCTATTGGAAGTTAATCTTA,1
AGCGATAGCTTCAATGAATGACGTCCTATCCT,AGCGATAGCTTCAATGAATGACGTCCTATCCT,1
GAGATTCCGCCTCAATTGCCTTACTAATCTTA,GAGATTCCGCCTCAATTGCCTTACTAATCTTA,1
CGGCTATGACGAATCTAACGAACGGTACTGAC,CGGCTATGACGAATCTAACGAACGGTACTGAC,1
TCCGCGAAACGTTCGACGAATTCCTAATCTTA,TCCGCGAAACGTTCGACGAATTCCTAATCTTA,1
CGCTCATTTGCCAATTTGCCTTACGGCTCTGA,CGCTCATTTGCCAATTTGCCTTACGGCTCTGA,1
CTGAAGCTTGCAGCTATCGACTAGTAATCTTA,CTGAAGCTTGCAGCTATCGACTAGTAATCTTA,1
CGGCTATGCAGAACTGCGAATTCCATAGAGGC,CGGCTATGCAGAACTGCGAATTCCATAGAGGC,1
TCTCGCGCAAGCAACGGAAGTATGGGCTCTGA,TCTCGCGCAAGCAACGGAAGTATGGGCTCTGA,1
AGCGATAGAACCAGGTTTACGACCCCTATCCT,AGCGATAGAACCAGGTTTACGACCCCTATCCT,1
AGCGATAGGTAGAGGAGAGCCTTAGTACTGAC,AGCGATAGGTAGAGGAGAGCCTTAGTACTGAC,1
TCCGCGAAGTCTACCATAAGATCCCAGGACGT,TCCGCGAAGTCTACCATAAGATCCCAGGACGT,1
TCCGCGAAATAAGTCGGGATACTACAGGACGT,TCCGCGAAATAAGTCGGGATACTACAGGACGT,1
GAATTCGTTCTATCCGTAAGATCCGTACTGAC,CCGCATTATCCCCCGACTTATCAGCAGCCGCA,1
TCCGGAGAAAGAGGCACCTAGAGTCAGGACGT,TCCGGAGAAAGAGGCACCTAGAGTCAGGACGT,1
AGCGATAGGAACGGTAAACGAACGATAGAGGC,AGCGATAGGAACGGTAAACGAACGATAGAGGC,1
ATTCAGAACGATCAGTGAGCCTTAGTACTGAC,ATTCAGAACGATCAGTGAGCCTTAGTACTGAC,1
TCTCGCGCCTCTGGTAAAGGAGTACAGGACGT,TCTCGCGCCTCTGGTAAAGGAGTACAGGACGT,1
GAGATTCCAAGCAACGAGGATAACTAATCTTA,GAGATTCCAAGCAACGAGGATAACTAATCTTA,1
TCTCGCGCCTCTGGTAGTAAGGAGCAGGACGT,TCTCGCGCCTCTGGTAGTAAGGAGCAGGACGT,1
TCTCGCGCTCCTGAGCGAGCCTTAGTACTGAC,TCTCGCGCTCCTGAGCGAGCCTTAGTACTGAC,1
TCCGGAGAGTCATGAAATAGCCTTCAGGACGT,TCCGGAGAGTCATGAAATAGCCTTCAGGACGT,1
TAATGCGCTATGCCATTTGGAAGTGTACTGAC,TAATGCGCTATGCCATTTGGAAGTGTACTGAC,1
ATTCAGAATAAGGCGACTCTCTATCAGGACGT,ACTTACACGGCCAGTGATTGAGCAACCCCGGG,1
ATTACTCGTACTGCCTGGTTAGACTAATCTTA,ATTACTCGTACTGCCTGGTTAGACTAATCTTA,1
TCCGGAGAGTCATGAAAGGATAACCAGGACGT,GCAAGCCAGAGCGGTGTACGGACGGAGAGGGG,1
AGCGATAGCAAGTTCAATAGCCTTGTACTGAC,AGCGATAGCAAGTTCAATAGCCTTGTACTGAC,1
CGGCTATGATAAGTCGTCCGGTAAGTACTGAC,CGGCTATGATAAGTCGTCCGGTAAGTACTGAC,1
TAATGCGCGCAACCTAGAAGTATGTATAGCCT,TAATGCGCGCAACCTAGAAGTATGTATAGCCT,1
TCTCGCGCATAAGTCGTCCGGTAACAGGACGT,TCTCGCGCATAAGTCGTCCGGTAACAGGACGT,1
TCTCGCGCTTAGCCTCAACGAACGGGCTCTGA,TCTCGCGCTTAGCCTCAACGAACGGGCTCTGA,1
AGCGATAGACGTTCGAAATGACGTATAGAGGC,AGCGATAGACGTTCGAAATGACGTATAGAGGC,1
ATTCAGAATCTATCCGAGGATAACTAATCTTA,ATTCAGAATCTATCCGAGGATAACTAATCTTA,1
AGCGATAGCGTATAGACGAATTCCCAGGACGT,GAGATTTAAAGCGTTCGGGTAACTCTGCCAGC,1
TCCGCGAAACGAATCTATAGCCTTTAATCTTA,TCCGCGAAACGAATCTATAGCCTTTAATCTTA,1
CTGAAGCTATGCGCAGTCTCTCCGGTACTGAC,CTGAAGCTATGCGCAGTCTCTCCGGTACTGAC,1
TCCGCGAATAGCGCTCTTATGCGAGTACTGAC,TCCGCGAATAGCGCTCTTATGCGAGTACTGAC,1
TCTCGCGCTGCAGCTAATCTGAGTCAGGACGT,TCTCGCGCTGCAGCTAATCTGAGTCAGGACGT,1
CTGAAGCTCTAATGCTAGGATAACTAATCTTA,CTGAAGCTCTAATGCTAGGATAACTAATCTTA,1
CGCTCATTGAATTACGAAGAGATGATAGAGGC,CGCTCATTGAATTACGAAGAGATGATAGAGGC,1
TCCGCGAAATCTCAGGCGTCTAATGGCTCTGA,TCCGCGAAATCTCAGGCGTCTAATGGCTCTGA,1
ATTCAGAAGCAACCTATTGGAAGTGGCTCTGA,ATTCAGAAGCAACCTATTGGAAGTGGCTCTGA,1
ATTACTCGTATGGTCGAACGAACGGGCTCTGA,ATTACTCGTATGGTCGAACGAACGGGCTCTGA,1
CTGAAGCTAGGCAGAAACTGCATAGTACTGAC,CAGAGTTATTCGGATTGCAAGGGCTCAGCCGG,1
CTGAAGCTAAGCAACGGGATACTAGGCTCTGA,CTGAAGCTAAGCAACGGGATACTAGGCTCTGA,1
CTGAAGCTGAACGGTAATTCGTTGCCTATCCT,CTGAAGCTGAACGGTAATTCGTTGCCTATCCT,1
CTGAAGCTGCCTCAATTTACGACCTAATCTTA,CTGAAGCTGCCTCAATTTACGACCTAATCTTA,1
TAATGCGCTCTATCCGGGTTAGACGTACTGAC,GCAACGGCTTCTTCATAAACAGTCTTGCACTG,1
GAGATTCCGCAACCTATTGGAAGTCCTATCCT,GAGATTCCGCAACCTATTGGAAGTCCTATCCT,1
GAGATTCCACTGAGCGCCTAGAGTCAGGACGT,GAGACTGTAGCCTCTACTCACAACGTGGGTAG,1
ATTCAGAAGCTCATGACGTCTAATCCTATCCT,ATTCAGAAGCTCATGACGTCTAATCCTATCCT,1
CGGCTATGCGCTTGATATTCGTTGTAATCTTA,CGGCTATGCGCTTGATATTCGTTGTAATCTTA,1
TCTCGCGCGAATTACGTGCCTTACTAATCTTA,TCTCGCGCGAATTACGTGCCTTACTAATCTTA,1
TCCGGAGAGCTCATGACGTCTAATTAATCTTA,TCCGGAGAGCTCATGACGTCTAATTAATCTTA,1
GAGATTCCGTCTACCAAGGATAACGGCTCTGA,GAGATTCCGTCTACCAAGGATAACGGCTCTGA,1
CGCTCATTTCCTGAGCCTAAGCCTTAATCTTA,CGCTCATTTCCTGAGCCTAAGCCTTAATCTTA,1
CGGCTATGGTCATGAAGGATACTATAATCTTA,CGGCTATGGTCATGAAGGATACTATAATCTTA,1
ATTCAGAATAGGCATGGTAAGGAGCCTATCCT,ATTCAGAATAGGCATGGTAAGGAGCCTATCCT,1
CGCTCATTGGAGCTACGCGTAAGACCTATCCT,CGCTCATTGGAGCTACGCGTAAGACCTATCCT,1
CGCTCATTTTAGCCTCTCCGGTAAGGCTCTGA,CGCTCATTTTAGCCTCTCCGGTAAGGCTCTGA,1
CGGCTATGCTTCAATGAACGAACGCCTATCCT,CGGCTATGCTTCAATGAACGAACGCCTATCCT,1
AGCGATAGTATGCCATTGCCTTACAGGCGAAG,AGCGATAGTATGCCATTGCCTTACAGGCGAAG,1
TAATGCGCGGACTCCTATCTGAGTTAATCTTA,TAATGCGCGGACTCCTATCTGAGTTAATCTTA,1
CTGAAGCTGTAGAGGACCTAGAGTCCTATCCT,CTGAAGCTGTAGAGGACCTAGAGTCCTATCCT,1
AGCGATAGTGCAGCTAGAGCCTTACAGGACGT,AGCGATAGTGCAGCTAGAGCCTTACAGGACGT,1
AGCGATAGGAACGGTATAAGATCCCCTATCCT,AGCGATAGGAACGGTATAAGATCCCCTATCCT,1
TCCGCGAAGAATTACGATTCGTTGCCTATCCT,TCCGCGAAGAATTACGATTCGTTGCCTATCCT,1
ATTCAGAACTTCAATGTGCCTTACGGCTCTGA,ATTCCGAGGCGCGCCAAATGGCGCGTAGCTTT,1
AGCGATAGTATGGTCGTGCCTTACTAATCTTA,AGCGATAGTATGGTCGTGCCTTACTAATCTTA,1
AGCGATAGCTAATGCTAACGAACGCCTATCCT,AGCGATAGCTAATGCTAACGAACGCCTATCCT,1
CGGCTATGATAAGTCGCGAATTCCTAATCTTA,CGGCTATGATAAGTCGCGAATTCCTAATCTTA,1
TCCGGAGAGCCTCAATTGCCTTACGTACTGAC,TCCGGAGAGCCTCAATTGCCTTACGTACTGAC,1
TAATGCGCTCTATCCGTTGGAAGTGTACTGAC,TAATGCGCTCTATCCGTTGGAAGTGTACTGAC,1
TAATGCGCCGTACTAGTCGACTAGCCTATCCT,TAATGCGCCGTACTAGTCGACTAGCCTATCCT,1
ATTCAGAACGTACTAGTATCCTCTCCTATCCT,ATTCAGAACGTACTAGTATCCTCTCCTATCCT,1
ATTACTCGGCAACCTAGGATACTAATAGAGGC,ATTACTCGGCAACCTAGGATACTAATAGAGGC,1
GAGATTCCCGAGGCTGTCGACTAGCCTATCCT,GAGATTCCCGAGGCTGTCGACTAGCCTATCCT,1
TAATGCGCGCAACCTAAATGACGTTAATCTTA,TAATGCGCGCAACCTAAATGACGTTAATCTTA,1
TCCGCGAAAAGAGGCATATCCTCTTATAGCCT,TCCGCGAAAAGAGGCATATCCTCTTATAGCCT,1
TCTCGCGCCAAGTTCATGCCTTACCCTATCCT,TCTCGCGCCAAGTTCATGCCTTACCCTATCCT,1
TCTCGCGCTGCCAATTTCCGGTAACAGGACGT,TCTCGCGCTGCCAATTTCCGGTAACAGGACGT,1
CGCTCATTGCCTCAATAGGATAACTAATCTTA,CGCTCATTGCCTCAATAGGATAACTAATCTTA,1
CGGCTATGGCCTCAATTGCCTTACCAGGACGT,CGGCTATGGCCTCAATTGCCTTACCAGGACGT,1
TCCGCGAAGCCTCAATATTCGTTGTAATCTTA,TCCGCGAAGCCTCAATATTCGTTGTAATCTTA,1
CGGCTATGGAATTACGAGGATAACTAATCTTA,CGGCTATGGAATTACGAGGATAACTAATCTTA,1
CGGCTATGGGAGCTACGTAAGGAGTATAGCCT,CGGCTATGGGAGCTACGTAAGGAGTATAGCCT,1
TCCGGAGACTTCAATGGGATACTACAGGACGT,TCCGGAGACTTCAATGGGATACTACAGGACGT,1
TCCGCGAAGCTCATGACCTAGAGTGGCTCTGA,TGCTAAGGCTAATTAGATTTCGTCTACGCCCC,1
ATTCAGAATACGCTGCGCGTAAGAGGCTCTGA,ATTCAGAATACGCTGCGCGTAAGAGGCTCTGA,1
TCCGCGAATACTGCCTGAAGTATGAGGCGAAG,CTTACATGTGGTAAGTATATTACGCCGTGTAT,1
GAGATTCCCGATCAGTTCGACTAGTATAGCCT,GAGATTCCCGATCAGTTCGACTAGTATAGCCT,1
ATTACTCGGTCATGAAAATGACGTTATAGCCT,ATTACTCGGTCATGAAAATGACGTTATAGCCT,1
ATTCAGAAAACCAGGTCGAATTCCCCTATCCT,ATTCAGAAAACCAGGTCGAATTCCCCTATCCT,1
CGCTCATTGCAACCTAAACGAACGGTACTGAC,AATTCGAATAATTCACCCCAAGACTGGAATCT,1
TCCGCGAATAGCGCTCTTCTAGCTGTACTGAC,TCCGCGAATAGCGCTCTTCTAGCTGTACTGAC,1
GAGATTCCAAGCAACGATTCGTTGCAGGACGT,GAGATTCCAAGCAACGATTCGTTGCAGGACGT,1
GAGATTCCGGACTCCTTCTCTCCGCAGGACGT,GAGATTCCGGACTCCTTCTCTCCGCAGGACGT,1
AGCGATAGGCGTAGTATTCTAGCTGTACTGAC,GGCTAGATTCTGAGACTCAAGTCGACGAACTC,1
AGCGATAGGTCTACCATTCATCCATATAGCCT,AGCGATAGGTCTACCATTCATCCATATAGCCT,1
TCTCGCGCACGTTCGATAAGATCCCCTATCCT,TCTCGCGCACGTTCGATAAGATCCCCTATCCT,1
TAATGCGCCGTATAGAAACGAACGGGCTCTGA,CGTGACGGCCCAAGATCGTAACGGATTCAACT,1
ATTCAGAAGTCTACCATTACGACCATAGAGGC,CAAGGCAAAGCAAGACTATCGGAATACGTCTC,1
CGGCTATGTAAGGCGACTCTCTATGTACTGAC,CGGCTATGTAAGGCGACTCTCTATGTACTGAC,1
GAGATTCCGAACGGTAAGGATAACATAGAGGC,GAGATTCCGAACGGTAAGGATAACATAGAGGC,1
CGCTCATTGCAACCTATTGGAAGTCCTATCCT,GAGCTAAAAGTAGGGGTCTATTAAAGTTATTG,1
AGCGATAGCTAATGCTTGCCTTACGTACTGAC,AGCGATAGCTAATGCTTGCCTTACGTACTGAC,1
AGCGATAGCTTCAATGTGCCTTACGTACTGAC,AGCGATAGCTTCAATGTGCCTTACGTACTGAC,1
CGGCTATGTACTGCCTATTCGTTGTAATCTTA,CGGCTATGTACTGCCTATTCGTTGTAATCTTA,1
CTGAAGCTTACTGCCTAATGACGTATAGAGGC,CTGAAGCTTACTGCCTAATGACGTATAGAGGC,1
CGGCTATGTTCCATCCATTCGTTGGGCTCTGA,CGGCTATGTTCCATCCATTCGTTGGGCTCTGA,1
GAGATTCCCTCTCTACAAGGAGTAGTACTGAC,CAGTAGCTGCGGTACGCTCGTTGGTTAAGTAA,1
CGGCTATGCAAGTTCAAATGACGTGGCTCTGA,CGGCTATGCAAGTTCAAATGACGTGGCTCTGA,1
TCTCGCGCGCAACCTAAACGAACGGTACTGAC,TCTCGCGCGCAACCTAAACGAACGGTACTGAC,1
CGGCTATGGCTCATGACTCTCTATGTACTGAC,CGGCTATGGCTCATGACTCTCTATGTACTGAC,1
CGCTCATTGTCATGAAAAGAGATGTAATCTTA,CGCTCATTGTCATGAAAAGAGATGTAATCTTA,1
TCCGCGAACGCTTGATTAAGATCCGTACTGAC,TCCGCGAACGCTTGATTAAGATCCGTACTGAC,1
ATTACTCGGAATTACGAACGAACGATAGAGGC,ATTACTCGGAATTACGAACGAACGATAGAGGC,1
AGCGATAGTATGGTCGATAGCCTTCCTATCCT,GACTGCTCCTTAGGGTAAACCTCGTGAACAGC,1
GAGATTCCGCCTCAATTTGGAAGTGTACTGAC,GAGATTCCGCCTCAATTTGGAAGTGTACTGAC,1
ATTCAGAACAGAACTGTTCATCCATAATCTTA,ATTCAGAACAGAACTGTTCATCCATAATCTTA,1
AGCGATAGAAGCAACGTAAGATCCCAGGACGT,AGCGATAGAAGCAACGTAAGATCCCAGGACGT,1
AGCGATAGGGACTCCTGTAAGGAGCAGGACGT,AGCGATAGGGACTCCTGTAAGGAGCAGGACGT,1
ATTACTCGGTCATGAATAAGATCCCAGGACGT,ATTACTCGGTCATGAATAAGATCCCAGGACGT,1
GAGATTCCAAGAGGCACTAAGCCTGTACTGAC,GAGATTCCAAGAGGCACTAAGCCTGTACTGAC,1
CTGAAGCTTGCAGCTAACTGCATACCTATCCT,TCATAATATCATAACATCAGGAAATGGCTAAC,1
AGCGATAGATAAGTCGTCCGGTAACAGGACGT,TGTTATATGTGCCGGAAGCAAACAACAATCCG,1
GAGATTCCCTTCAATGATTCGTTGCCTATCCT,GTTTTTCAGCCCTCAGGTATGGCAACTGCGTG,1
GAGATTCCGCTCATGATCGACTAGGGCTCTGA,GAGATTCCGCTCATGATCGACTAGGGCTCTGA,1
CGGCTATGGCAACCTATTCATCCACAGGACGT,CTGCCATCATCTGACTGAAGCATTACGGGCGG,1
TAATGCGCAACCAGGTTTACGACCTAATCTTA,TAATGCGCAACCAGGTTTACGACCTAATCTTA,1
GAATTCGTTGCCAATTTTACGACCGTACTGAC,GAATTCGTTGCCAATTTTACGACCGTACTGAC,1
GAGATTCCAAGAGGCATCGACTAGTAATCTTA,GAGATTCCAAGAGGCATCGACTAGTAATCTTA,1
AGCGATAGATAAGTCGAAGAGATGTATAGCCT,AGCGATAGATAAGTCGAAGAGATGTATAGCCT,1
GAGATTCCGTCATGAATGCCTTACAGGCGAAG,GAGATTCCGTCATGAATGCCTTACAGGCGAAG,1
AGCGATAGTGCAGCTACTCTCTATCAGGACGT,CAGAGTTATTCGGATTGCAAGGGCTCAGCCGG,1
AGCGATAGACGAATCTAGGATAACTATAGCCT,AGCGATAGACGAATCTAGGATAACTATAGCCT,1
AGCGATAGTGCCAATTGGATACTACAGGACGT,ATCTAGGCTAATCCAATACTAAGCGCGTGCGC,1
TAATGCGCGAACGGTACGAATTCCTATAGCCT,TATTCCGCTAGCGTCGAAAACGACTGTTCACA,1
ATTCAGAACGAGGCTGACTGCATACAGGACGT,CAGTAGCTGCGGTACGCTCGTTGGTTAAGTAA,1
TCCGCGAACGTATAGAGGATACTAGTACTGAC,TCCGCGAACGTATAGAGGATACTAGTACTGAC,1
CGGCTATGCTAATGCTTCCGGTAAGGCTCTGA,CGGCTATGCTAATGCTTCCGGTAAGGCTCTGA,1
CGGCTATGACTCGCTAATCTGAGTCAGGACGT,ATGTGTTGCCTCTGGGCTGGCATGATATGCTG,1
CGCTCATTTGCCAATTAATGACGTATAGAGGC,CGCTCATTTGCCAATTAATGACGTATAGAGGC,1
TCCGGAGATTAGCCTCTTGGAAGTGGCTCTGA,TCCGGAGATTAGCCTCTTGGAAGTGGCTCTGA,1
CTGAAGCTAAGCAACGTAAGATCCATAGAGGC,CTGAAGCTAAGCAACGTAAGATCCATAGAGGC,1
ATTACTCGTAAGGCGATCGACTAGCAGGACGT,ATTACTCGTAAGGCGATCGACTAGCAGGACGT,1
CGGCTATGCGCTTGATTAAGATCCCCTATCCT,CGGCTATGCGCTTGATTAAGATCCCCTATCCT,1
TAATGCGCGCCTCAATTCCGGTAAAGGCGAAG,TAATGCGCGCCTCAATTCCGGTAAAGGCGAAG,1
ATTCAGAACTAATGCTAGGATAACATAGAGGC,AAGTACAAGCCCCCTTGTCCCCCTACCCGTGT,1
ATTACTCGGGAGCTACTTATGCGATAATCTTA,ATTACTCGGGAGCTACTTATGCGATAATCTTA,1
TCCGGAGAGTCATGAATTGGAAGTGGCTCTGA,TCCGGAGAGTCATGAATTGGAAGTGGCTCTGA,1
ATTCAGAAACTGAGCGTCTCTCCGGTACTGAC,ATTCAGAAACTGAGCGTCTCTCCGGTACTGAC,1
TAATGCGCAAGCAACGATTCGTTGCCTATCCT,ATAAGCGCTTGCCGTTACCCGCGTGGATCCCT,1
CGCTCATTCAAGTTCAGAAGTATGTATAGCCT,CGCTCATTCAAGTTCAGAAGTATGTATAGCCT,1
TCTCGCGCTGCCAATTATAGCCTTCCTATCCT,TCTCGCGCTGCCAATTATAGCCTTCCTATCCT,1
CTGAAGCTTGCCAATTAGGATAACATAGAGGC,AACCTAGTTTCAGTTTTTATCGAGGTTTACGG,1
GAGATTCCTCCTGAGCGCGTAAGATAATCTTA,GAGATTCCTCCTGAGCGCGTAAGATAATCTTA,1
CTGAAGCTGAATTACGTTCATCCACAGGACGT,CTGAAGCTGAATTACGTTCATCCACAGGACGT,1
ATTACTCGGAACGGTATGCCTTACCAGGACGT,ATTACTCGGAACGGTATGCCTTACCAGGACGT,1
AGCGATAGTAGCGCTCGAGCCTTAGTACTGAC,AGCGATAGTAGCGCTCGAGCCTTAGTACTGAC,1
CGGCTATGTGCCAATTAGGATAACATAGAGGC,CGGCTATGTGCCAATTAGGATAACATAGAGGC,1
ATTACTCGAAGAGGCAAAGGAGTATAATCTTA,ATTACTCGAAGAGGCAAAGGAGTATAATCTTA,1
GAATTCGTGCAACCTATTGGAAGTCCTATCCT,TGAGGGGATCGCGTTCCGCGTTGGTATCACTC,1
CGGCTATGTACGCTGCCCTAGAGTTATAGCCT,CGGCTATGTACGCTGCCCTAGAGTTATAGCCT,1
TCTCGCGCGCCTCAATTGCCTTACGTACTGAC,TCTCGCGCGCCTCAATTGCCTTACGTACTGAC,1
CGGCTATGCTTCAATGAATGACGTAGGCGAAG,CGGCTATGCTTCAATGAATGACGTAGGCGAAG,1
TCTCGCGCGAATTACGTTGGAAGTTAATCTTA,TCTCGCGCGAATTACGTTGGAAGTTAATCTTA,1
AGCGATAGCAAGTTCAAATGACGTAGGCGAAG,AGCGATAGCAAGTTCAAATGACGTAGGCGAAG,1
TAATGCGCCTTCAATGCGAATTCCTAATCTTA,TAATGCGCCTTCAATGCGAATTCCTAATCTTA,1
AGCGATAGCGTATAGAATTCGTTGCAGGACGT,AGCGATAGCGTATAGAATTCGTTGCAGGACGT,1
CGGCTATGTAGCGCTCAAGGCTATTAATCTTA,CGGCTATGTAGCGCTCAAGGCTATTAATCTTA,1
CGGCTATGAAGAGGCATATCCTCTTAATCTTA,ATATTATGTCATCGTGTAACCGTCTCGGATAA,1
ATTCAGAACTCTGGTAGAGCCTTATATAGCCT,ATTCAGAACTCTGGTAGAGCCTTATATAGCCT,1
GAGATTCCTCGACGTCAAGGCTATCAGGACGT,GAGATTCCTCGACGTCAAGGCTATCAGGACGT,1
CTGAAGCTCGAGGCTGAAGGCTATTATAGCCT,CTGAAGCTCGAGGCTGAAGGCTATTATAGCCT,1
TCCGCGAATTAGCCTCAGGATAACCAGGACGT,TTGACGCAAGATTATTGTAAAGGGTTACACCC,1
CGGCTATGACTCGCTATATCCTCTCCTATCCT,CGGCTATGACTCGCTATATCCTCTCCTATCCT,1
CTGAAGCTCTCTCTACGAGCCTTAATAGAGGC,CTGAAGCTCTCTCTACGAGCCTTAATAGAGGC,1
TCCGCGAAACTCGCTATCTCTCCGCAGGACGT,TCCGCGAAACTCGCTATCTCTCCGCAGGACGT,1
ATTACTCGCAAGTTCATTGGAAGTCAGGACGT,ATTACTCGCAAGTTCATTGGAAGTCAGGACGT,1
AGCGATAGACTCGCTAATCTGAGTCCTATCCT,AGCGATAGACTCGCTAATCTGAGTCCTATCCT,1
CTGAAGCTACGTTCGACGAATTCCGGCTCTGA,CTGAAGCTACGTTCGACGAATTCCGGCTCTGA,1
TAATGCGCTGCAGCTAGCGTAAGAGTACTGAC,TAATGCGCTGCAGCTAGCGTAAGAGTACTGAC,1
CTGAAGCTCGCTTGATATTCGTTGCCTATCCT,CTGAAGCTCGCTTGATATTCGTTGCCTATCCT,1
ATTACTCGGTCATGAATGCCTTACCCTATCCT,ATTACTCGGTCATGAATGCCTTACCCTATCCT,1
CTGAAGCTCGTACTAGACTGCATAATAGAGGC,CTGAAGCTCGTACTAGACTGCATAATAGAGGC,1
CGGCTATGCGCTTGATTGCCTTACCCTATCCT,TAGGCGCAAGGCGCCCGACGACATGTAAGACA,1
GAGATTCCGGACTCCTTCTCTCCGGTACTGAC,GAGATTCCGGACTCCTTCTCTCCGGTACTGAC,1
AGCGATAGCTAATGCTATAGCCTTGTACTGAC,AGACCTCGACTTGACCCCAGGCTAATACTTTA,1
TAATGCGCACTGAGCGTATCCTCTGTACTGAC,TAATGCGCACTGAGCGTATCCTCTGTACTGAC,1
CTGAAGCTGTCATGAAATTCGTTGATAGAGGC,CTGAAGCTGTCATGAAATTCGTTGATAGAGGC,1
CGGCTATGGTCATGAAAACGAACGCCTATCCT,AGTGTTCGATTAAAATACATGCATCCCTCCAT,1
GAATTCGTATGCGCAGAAGGAGTACAGGACGT,GAATTCGTATGCGCAGAAGGAGTACAGGACGT,1
AGCGATAGCTAATGCTGAAGTATGCCTATCCT,AGCGATAGCTAATGCTGAAGTATGCCTATCCT,1
TCTCGCGCACTGAGCGAAGGAGTATAATCTTA,TCTCGCGCACTGAGCGAAGGAGTATAATCTTA,1
TAATGCGCACGAATCTGGTTAGACTAATCTTA,TAATGCGCACGAATCTGGTTAGACTAATCTTA,1
TCTCGCGCTTAGCCTCGGATACTACAGGACGT,TCTCGCGCTTAGCCTCGGATACTACAGGACGT,1
TCTCGCGCCTCTCTACCTCTCTATCCTATCCT,TCGATGACCAAGAGCCAAATATCCGTATGCAG,1
TAATGCGCCAAGTTCATTGGAAGTGTACTGAC,GCACTGGGAGGAAAGCACGGATTTGCGTACAC,1
GAGATTCCGTCTACCAGGTTAGACGGCTCTGA,CGGCTCACCTGAATACTACGAGAACCTATTAC,1
TAATGCGCTCGACGTCACTGCATATAATCTTA,TAATGCGCTCGACGTCACTGCATATAATCTTA,1
CTGAAGCTCGTACTAGCGTCTAATGGCTCTGA,CTGAAGCTCGTACTAGCGTCTAATGGCTCTGA,1
AGCGATAGTGCCAATTAATGACGTTAATCTTA,TCTTACGGGTTGTCAAAACGCATCCTTATATA,1
ATTCAGAAACTCGCTATCTCTCCGCCTATCCT,ATTCAGAAACTCGCTATCTCTCCGCCTATCCT,1
CTGAAGCTTTCCATCCAGGATAACGGCTCTGA,CTGAAGCTTTCCATCCAGGATAACGGCTCTGA,1
TCCGCGAAGTCATGAAGAAGTATGCCTATCCT,TCCGCGAAGTCATGAAGAAGTATGCCTATCCT,1
AGCGATAGCGCTTGATAGGATAACCCTATCCT,AGCGATAGCGCTTGATAGGATAACCCTATCCT,1
CGGCTATGAAGAGGCACTAAGCCTGGCTCTGA,CGGCTATGAAGAGGCACTAAGCCTGGCTCTGA,1
CGCTCATTGAACGGTAAACGAACGGTACTGAC,CGCTCATTGAACGGTAAACGAACGGTACTGAC,1
GAGATTCCTACGCTGCACTGCATACAGGACGT,GAGATTCCTACGCTGCACTGCATACAGGACGT,1
TCCGGAGACGTATAGATTGGAAGTGTACTGAC,TCCGGAGACGTATAGATTGGAAGTGTACTGAC,1
TAATGCGCGTAGAGGATTCTAGCTGTACTGAC,TAATGCGCGTAGAGGATTCTAGCTGTACTGAC,1
GAGATTCCTATGCCATCGAATTCCCAGGACGT,GAGATTCCTATGCCATCGAATTCCCAGGACGT,1
CTGAAGCTACGTTCGAGAAGTATGCCTATCCT,GCACTGGGAGGAAAGCACGGATTTGCGTACAC,1
AGCGATAGCGTATAGAAATGACGTAGGCGAAG,AGCGATAGCGTATAGAAATGACGTAGGCGAAG,1
AGCGATAGTTCCATCCAACGAACGTATAGCCT,AGCGATAGTTCCATCCAACGAACGTATAGCCT,1
CGGCTATGCTTCAATGTGCCTTACGGCTCTGA,CGGCTATGCTTCAATGTGCCTTACGGCTCTGA,1
GAGATTCCCTTCAATGAATGACGTGTACTGAC,GAGATTCCCTTCAATGAATGACGTGTACTGAC,1
TCCGCGAATTCCATCCGGATACTAGTACTGAC,CTCCTATAGCTCTTACGAAGTCTCCCAGCTCG,1
GAGATTCCGAACGGTATAAGATCCCCTATCCT,CCGATAAGCTGTCATTAGCCTTTCTGGTACTG,1
GAGATTCCCTCTCTACTCTCTCCGGTACTGAC,GAGATTCCCTCTCTACTCTCTCCGGTACTGAC,1
GAGATTCCTATGCCATAGGATAACCCTATCCT,GAGATTCCTATGCCATAGGATAACCCTATCCT,1
TCCGGAGAACGAATCTTTACGACCCCTATCCT,TCCGGAGAACGAATCTTTACGACCCCTATCCT,1
ATTCAGAACTAATGCTAAGAGATGCAGGACGT,TTGCGTCAGTGCGGCAAAATGAGTCTTACTTA,1
TCCGGAGAACGAATCTGAAGTATGCAGGACGT,TCCGGAGAACGAATCTGAAGTATGCAGGACGT,1
CTGAAGCTTAGGCATGCCTAGAGTGTACTGAC,CTGAAGCTTAGGCATGCCTAGAGTGTACTGAC,1
AGCGATAGCTCTGGTAGAGCCTTACAGGACGT,AGCGATAGCTCTGGTAGAGCCTTACAGGACGT,1
CGGCTATGTTCCATCCAGGATAACTATAGCCT,CGGCTATGTTCCATCCAGGATAACTATAGCCT,1
TCCGCGAAGCAACCTAAAGAGATGGTACTGAC,TCCGCGAAGCAACCTAAAGAGATGGTACTGAC,1
ATTCAGAATACGCTGCTCGACTAGCAGGACGT,ATTCAGAATACGCTGCTCGACTAGCAGGACGT,1
CGGCTATGGAATTACGGGATACTACCTATCCT,CGGCTATGGAATTACGGGATACTACCTATCCT,1
GAGATTCCCGATCAGTACTGCATAGGCTCTGA,GAGATTCCCGATCAGTACTGCATAGGCTCTGA,1
CTGAAGCTGGACTCCTGCGTAAGACCTATCCT,CTACGGCTACCGGCGCGCTCCAGCAGCGCGAC,1
TCCGCGAAGTCATGAAGAAGTATGTATAGCCT,TCCGCGAAGTCATGAAGAAGTATGTATAGCCT,1
AGCGATAGTTCCATCCTCCGGTAAATAGAGGC,AGCGATAGTTCCATCCTCCGGTAAATAGAGGC,1
GAGATTCCAAGCAACGGGTTAGACTAATCTTA,GAGATTCCAAGCAACGGGTTAGACTAATCTTA,1
CTGAAGCTGCAACCTATGCCTTACGGCTCTGA,AATTCGAATAATTCACCCCAAGACTGGAATCT,1
ATTACTCGTCTATCCGATTCGTTGCAGGACGT,ATTACTCGTCTATCCGATTCGTTGCAGGACGT,1
CTGAAGCTCCTAAGACATCTGAGTTAATCTTA,GCCGCTGCGACTGCACAAGTACCGAGCTCTCG,1
AGCGATAGCAAGTTCAATAGCCTTTATAGCCT,AGCGATAGCAAGTTCAATAGCCTTTATAGCCT,1
CTGAAGCTTACGCTGCGCGTAAGACCTATCCT,CTGAAGCTTACGCTGCGCGTAAGACCTATCCT,1
CGGCTATGCAAGTTCAAAGAGATGGGCTCTGA,AAAACCACGCTAGTCAGGCGGAATGCCCATAT,1
ATTCAGAAACTGAGCGAAGGCTATCCTATCCT,ATTCAGAAACTGAGCGAAGGCTATCCTATCCT,1
GAATTCGTCGCTTGATAACGAACGCAGGACGT,GAATTCGTCGCTTGATAACGAACGCAGGACGT,1
TCCGGAGACTCTGGTATTATGCGACAGGACGT,TCCGGAGACTCTGGTATTATGCGACAGGACGT,1
CTGAAGCTGTCTACCAGGATACTAATAGAGGC,CTGAAGCTGTCTACCAGGATACTAATAGAGGC,1
CTGAAGCTGGACTCCTTCTCTCCGCAGGACGT,ATGTTTCTTGTAGCATGGCTAAACTGTACCGT,1
AGCGATAGGCTCATGAGCGTAAGATATAGCCT,AGACATCCAGATTGCATGATAACGTGCGGTTC,1
TCCGCGAAGTCTACCATTCATCCACAGGACGT,TCCGCGAAGTCTACCATTCATCCACAGGACGT,1
ATTACTCGTACTGCCTAGGATAACGTACTGAC,ATTACTCGTACTGCCTAGGATAACGTACTGAC,1
CGGCTATGGTAGAGGAAAGGAGTATAATCTTA,CGGCTATGGTAGAGGAAAGGAGTATAATCTTA,1
TCCGCGAATAAGGCGAAAGGAGTATATAGCCT,TACTGCCTAAGAGCCGCTAGGTCGGCCAATTT,1
CTGAAGCTGCAACCTATTCATCCAGTACTGAC,CTGAAGCTGCAACCTATTCATCCAGTACTGAC,1
TAATGCGCATAAGTCGGGATACTATAATCTTA,TAATGCGCATAAGTCGGGATACTATAATCTTA,1
AGCGATAGACTGAGCGTCTCTCCGGTACTGAC,AGCGATAGACTGAGCGTCTCTCCGGTACTGAC,1
TCCGCGAAGTAGAGGATTATGCGAGTACTGAC,TCCGCGAAGTAGAGGATTATGCGAGTACTGAC,1
CGGCTATGTCGACGTCTATCCTCTCAGGACGT,CGGCTATGTCGACGTCTATCCTCTCAGGACGT,1
ATTCAGAAGAACGGTATTACGACCAGGCGAAG,ATTCAGAAGAACGGTATTACGACCAGGCGAAG,1
AGCGATAGCAAGTTCATTGGAAGTCCTATCCT,AGCGATAGCAAGTTCATTGGAAGTCCTATCCT,1
AGCGATAGAAGAGGCAGTAAGGAGGTACTGAC,AGCGATAGAAGAGGCAGTAAGGAGGTACTGAC,1
GAGATTCCCTCTGGTAAAGGCTATCAGGACGT,GAGATTCCCTCTGGTAAAGGCTATCAGGACGT,1
CTGAAGCTGCTCATGAACTGCATACCTATCCT,CTGAAGCTGCTCATGAACTGCATACCTATCCT,1
CTGAAGCTACTCGCTATATCCTCTTAATCTTA,CTGAAGCTACTCGCTATATCCTCTTAATCTTA,1
CGCTCATTTCGACGTCTCGACTAGATAGAGGC,CGCTCATTTCGACGTCTCGACTAGATAGAGGC,1
ATTACTCGTAAGGCGACTAAGCCTGTACTGAC,ATTACTCGTAAGGCGACTAAGCCTGTACTGAC,1
TAATGCGCTCGACGTCCTCTCTATTAATCTTA,TAATGCGCTCGACGTCCTCTCTATTAATCTTA,1
TCCGCGAAAGGCAGAAAAGGCTATTAATCTTA,TCCGCGAAAGGCAGAAAAGGCTATTAATCTTA,1
TCCGCGAATCTATCCGATAGCCTTCCTATCCT,GCTAACGCTATCTTAGGCCAAATTCGCCTCCA,1
CGGCTATGTCTATCCGGGATACTATAATCTTA,CGGCTATGTCTATCCGGGATACTATAATCTTA,1
CTGAAGCTTCTATCCGTTGGAAGTTAATCTTA,CTGAAGCTTCTATCCGTTGGAAGTTAATCTTA,1
ATTCAGAACAAGTTCATAAGATCCCAGGACGT,AGCTGGAATGGATGAGGCCACGCCCTCAAGAC,1
CTGAAGCTCCTAAGACTCGACTAGGTACTGAC,CTGAAGCTCCTAAGACTCGACTAGGTACTGAC,1
CGGCTATGCAAGTTCAGAAGTATGAGGCGAAG,CCGATAAGCTGTCATTAGCCTTTCTGGTACTG,1
CGGCTATGCAAGTTCAAGGATAACATAGAGGC,TTTAGCCGTGTAAGGCCGTGAAAATTACGTCC,1
TCCGGAGAGGACTCCTACTGCATATAATCTTA,TCCGGAGAGGACTCCTACTGCATATAATCTTA,1
ATTCAGAATTAGCCTCTTCATCCATAATCTTA,ATTCAGAATTAGCCTCTTCATCCATAATCTTA,1
TAATGCGCGTCATGAATTACGACCTATAGCCT,TAATGCGCGTCATGAATTACGACCTATAGCCT,1
GAGATTCCAAGAGGCAAAGGCTATCAGGACGT,GAGATTCCAAGAGGCAAAGGCTATCAGGACGT,1
ATTACTCGTTAGCCTCAATGACGTGTACTGAC,ATTACTCGTTAGCCTCAATGACGTGTACTGAC,1
GAATTCGTTATGGTCGAACGAACGGGCTCTGA,GAATTCGTTATGGTCGAACGAACGGGCTCTGA,1
TCTCGCGCTACTGCCTCGAATTCCTAATCTTA,TCTCGCGCTACTGCCTCGAATTCCTAATCTTA,1
CGGCTATGTCCTGAGCCCTAGAGTCAGGACGT,CGGCTATGTCCTGAGCCCTAGAGTCAGGACGT,1
TCCGCGAATCGACGTCTCGACTAGTATAGCCT,TTCATCTCTGCCAGATGGCCGTGATGTCGAGG,1
CGCTCATTGGACTCCTAAGGCTATTAATCTTA,CGCTCATTGGACTCCTAAGGCTATTAATCTTA,1
GAGATTCCCTTCAATGTGCCTTACGTACTGAC,GAGATTCCCTTCAATGTGCCTTACGTACTGAC,1
TAATGCGCCTAATGCTAAGAGATGCCTATCCT,TAATGCGCCTAATGCTAAGAGATGCCTATCCT,1
ATTCAGAATATGGTCGTTCATCCAAGGCGAAG,ATTCAGAATATGGTCGTTCATCCAAGGCGAAG,1
CGGCTATGCAAGTTCAAATGACGTCCTATCCT,TTGCTAGCATTGGGCGAGCCGCTCAATCGCTC,1
TCCGCGAATGCCAATTAAGAGATGTAATCTTA,TCCGCGAATGCCAATTAAGAGATGTAATCTTA,1
AGCGATAGTAGGCATGCCTAGAGTGTACTGAC,TATTCCGCTAGCGTCGAAAACGACTGTTCACA,1
CTGAAGCTACGAATCTTTACGACCTAATCTTA,CTGAAGCTACGAATCTTTACGACCTAATCTTA,1
AGCGATAGGAACGGTATTCATCCATATAGCCT,TCATAATATCATAACATCAGGAAATGGCTAAC,1
CGCTCATTCAGAACTGCGAATTCCCAGGACGT,CGCTCATTCAGAACTGCGAATTCCCAGGACGT,1
GAGATTCCACTGAGCGAAGGAGTATAATCTTA,GAGATTCCACTGAGCGAAGGAGTATAATCTTA,1
AGCGATAGGTAGAGGACCTAGAGTCCTATCCT,AGCGATAGGTAGAGGACCTAGAGTCCTATCCT,1
GAATTCGTGTCATGAAATTCGTTGCAGGACGT,GAATTCGTGTCATGAAATTCGTTGCAGGACGT,1
TAATGCGCCGCTTGATTAAGATCCGTACTGAC,TAATGCGCCGCTTGATTAAGATCCGTACTGAC,1
TCCGCGAAGTCATGAATTGGAAGTCAGGACGT,TCCGCGAAGTCATGAATTGGAAGTCAGGACGT,1
CGGCTATGTTAGCCTCCGAATTCCATAGAGGC,CGGCTATGTTAGCCTCCGAATTCCATAGAGGC,1
ATTACTCGTATGCCATATAGCCTTAGGCGAAG,AAGCGTTATCGCTATAATCGAAACCCTCTCGG,1
GAGATTCCATCTCAGGCTAAGCCTGTACTGAC,GAGATTCCATCTCAGGCTAAGCCTGTACTGAC,1
CGGCTATGTACGCTGCCCTAGAGTGGCTCTGA,CGGCTATGTACGCTGCCCTAGAGTGGCTCTGA,1
TCCGGAGACAAGTTCATTGGAAGTCCTATCCT,TCCGGAGACAAGTTCATTGGAAGTCCTATCCT,1
TCCGCGAACGCTTGATTTACGACCAGGCGAAG,TCCGCGAACGCTTGATTTACGACCAGGCGAAG,1
TCCGGAGAACGAATCTATTCGTTGCAGGACGT,TCCGGAGAACGAATCTATTCGTTGCAGGACGT,1
TCTCGCGCCAAGTTCATGCCTTACCAGGACGT,TCTCGCGCCAAGTTCATGCCTTACCAGGACGT,1
CGCTCATTTCTATCCGTTCATCCATAATCTTA,CGCTCATTTCTATCCGTTCATCCATAATCTTA,1
ATTCAGAAACGTTCGAATTCGTTGATAGAGGC,GAGACTGTAGCCTCTACTCACAACGTGGGTAG,1
CGCTCATTTCTATCCGTCCGGTAAGTACTGAC,CGCTCATTTCTATCCGTCCGGTAAGTACTGAC,1
TAATGCGCTATGGTCGTAAGATCCGTACTGAC,TAATGCGCTATGGTCGTAAGATCCGTACTGAC,1
CGCTCATTTACTGCCTATAGCCTTATAGAGGC,ACTGTAAACTGTTGCTCGACCTCAGCTATAGA,1
TCCGGAGAAAGAGGCAGTAAGGAGATAGAGGC,TCCGGAGAAAGAGGCAGTAAGGAGATAGAGGC,1
ATTCAGAATAGCGCTCTATCCTCTTAATCTTA,ATTCAGAATAGCGCTCTATCCTCTTAATCTTA,1
CGGCTATGGCCTCAATTTCATCCAGGCTCTGA,CGGCTATGGCCTCAATTTCATCCAGGCTCTGA,1
CTGAAGCTCGCTTGATGGATACTATAATCTTA,CCTATTGATGCGAGCGGCATGTATTCTCGTAC,1
AGCGATAGCTCTGGTACGTCTAATATAGAGGC,AGCGATAGCTCTGGTACGTCTAATATAGAGGC,1
ATTACTCGGTAGAGGACTAAGCCTTAATCTTA,ATTACTCGGTAGAGGACTAAGCCTTAATCTTA,1
ATTCAGAATTAGCCTCATTCGTTGGTACTGAC,ATTCAGAATTAGCCTCATTCGTTGGTACTGAC,1
TCCGGAGACAGAACTGTCCGGTAAGTACTGAC,TCCGGAGACAGAACTGTCCGGTAAGTACTGAC,1
CGCTCATTTTCCATCCGGTTAGACCAGGACGT,CGCTCATTTTCCATCCGGTTAGACCAGGACGT,1
TAATGCGCACGTTCGATGCCTTACGGCTCTGA,CGTGACGGCCCAAGATCGTAACGGATTCAACT,1
TCCGCGAAACGTTCGAAGGATAACTAATCTTA,TCCGCGAAACGTTCGAAGGATAACTAATCTTA,1
TCTCGCGCACGTTCGATTGGAAGTTAATCTTA,TCTCGCGCACGTTCGATTGGAAGTTAATCTTA,1
GAATTCGTTGCCAATTAATGACGTCAGGACGT,GAATTCGTTGCCAATTAATGACGTCAGGACGT,1
GAGATTCCGGACTCCTCTAAGCCTGGCTCTGA,GAGATTCCGGACTCCTCTAAGCCTGGCTCTGA,1
TCCGCGAAATAAGTCGTGCCTTACCAGGACGT,AGTCTTAAAGCTGTGTTGAATCGTAGTGTTTA,1
AGCGATAGGCAACCTAATTCGTTGGTACTGAC,ATTTGATATCATATGAATCACGAGAGCCAATG,1
TCCGCGAACAAGTTCAGGATACTAAGGCGAAG,TCCGCGAACAAGTTCAGGATACTAAGGCGAAG,1
TCCGCGAAGTCTACCATGCCTTACCCTATCCT,TCCGCGAAGTCTACCATGCCTTACCCTATCCT,1
GAGATTCCGTCATGAAGAAGTATGTAATCTTA,GAGATTCCGTCATGAAGAAGTATGTAATCTTA,1
AGCGATAGAACCAGGTGGATACTATATAGCCT,AGCGATAGAACCAGGTGGATACTATATAGCCT,1
TAATGCGCGCGTAGTAGTAAGGAGCAGGACGT,TAATGCGCGCGTAGTAGTAAGGAGCAGGACGT,1
CTGAAGCTGGACTCCTTTATGCGAGGCTCTGA,CTGAAGCTGGACTCCTTTATGCGAGGCTCTGA,1
TCCGGAGACGTATAGACGAATTCCATAGAGGC,ACCGAATTCACGCATAAAATCCGACTTGTGAC,1
TAATGCGCTATGGTCGAACGAACGTAATCTTA,TAATGCGCTATGGTCGAACGAACGTAATCTTA,1
CTGAAGCTTACTGCCTTCCGGTAATATAGCCT,CTGAAGCTTACTGCCTTCCGGTAATATAGCCT,1
CTGAAGCTTAGGCATGAAGGAGTATAATCTTA,CTGAAGCTTAGGCATGAAGGAGTATAATCTTA,1
CTGAAGCTCTCTGGTAGTAAGGAGGGCTCTGA,CTGAAGCTCTCTGGTAGTAAGGAGGGCTCTGA,1
AGCGATAGAACCAGGTAAGAGATGATAGAGGC,GACCATTAGGAAGCGTACTTTGCCCCGACTTT,1
GAATTCGTCGTACTAGTCGACTAGCAGGACGT,TGGGAAGCAGGAACGTGCAGTCGTTTGCCCCT,1
ATTCAGAACGAGGCTGAAGGAGTACAGGACGT,TCGATGACCAAGAGCCAAATATCCGTATGCAG,1
ATTCAGAAGCCTCAATAATGACGTTATAGCCT,CGCTTCCAAGTTGCTAGTTAGGATCTAATTAT,1
TCCGCGAATTCCATCCTAAGATCCGTACTGAC,TCCGCGAATTCCATCCTAAGATCCGTACTGAC,1
GAGATTCCTTAGCCTCGGTTAGACCAGGACGT,GAGATTCCTTAGCCTCGGTTAGACCAGGACGT,1
CGGCTATGTAGCGCTCCTCTCTATCAGGACGT,ATCTAGGCTAATCCAATACTAAGCGCGTGCGC,1
CGGCTATGATGCGCAGGTAAGGAGGTACTGAC,CTGGTATGTAAGTCTATCCTGCCCCATCTCCC,1
CTGAAGCTTAGCGCTCTCTCTCCGTAATCTTA,CTGAAGCTTAGCGCTCTCTCTCCGTAATCTTA,1
CTGAAGCTATAAGTCGTAAGATCCCCTATCCT,CTGAAGCTATAAGTCGTAAGATCCCCTATCCT,1
CGCTCATTCGCTTGATAACGAACGGGCTCTGA,CGCTCATTCGCTTGATAACGAACGGGCTCTGA,1
AGCGATAGTAGGCATGCGTCTAATCAGGACGT,AGCGATAGTAGGCATGCGTCTAATCAGGACGT,1
CTGAAGCTGCTCATGATATCCTCTTAATCTTA,CTGAAGCTGCTCATGATATCCTCTTAATCTTA,1
TCCGCGAATATGCCATTAAGATCCTAATCTTA,TCCGCGAATATGCCATTAAGATCCTAATCTTA,1
CGCTCATTGTAGAGGAAAGGCTATGTACTGAC,CGCTCATTGTAGAGGAAAGGCTATGTACTGAC,1
AGCGATAGATCTCAGGAAGGCTATTATAGCCT,AGCGATAGATCTCAGGAAGGCTATTATAGCCT,1
AGCGATAGATAAGTCGAAGAGATGTAATCTTA,AGCGATAGATAAGTCGAAGAGATGTAATCTTA,1
GAGATTCCACTGAGCGGAGCCTTAGGCTCTGA,GAGATTCCACTGAGCGGAGCCTTAGGCTCTGA,1
GAGATTCCATGCGCAGAAGGCTATCCTATCCT,GAGATTCCATGCGCAGAAGGCTATCCTATCCT,1
CGGCTATGCTCTGGTATATCCTCTGTACTGAC,CGGCTATGCTCTGGTATATCCTCTGTACTGAC,1
TAATGCGCACGTTCGAAAGAGATGGTACTGAC,TAATGCGCACGTTCGAAAGAGATGGTACTGAC,1
TAATGCGCTACTGCCTATTCGTTGTAATCTTA,AGCTGGAATGGATGAGGCCACGCCCTCAAGAC,1
TCCGCGAATTCCATCCCGAATTCCGTACTGAC,TGGGCATTCGTGCAAGCGCCTCGAAGAGCGGA,1
TCTCGCGCTTAGCCTCTGCCTTACGTACTGAC,TCTCGCGCTTAGCCTCTGCCTTACGTACTGAC,1
TCTCGCGCGAATTACGGGATACTACAGGACGT,TCTCGCGCGAATTACGGGATACTACAGGACGT,1
TCCGCGAACTAATGCTTCCGGTAAGTACTGAC,TCCGCGAACTAATGCTTCCGGTAAGTACTGAC,1
TCTCGCGCCAGAACTGAGGATAACCAGGACGT,TCTCGCGCCAGAACTGAGGATAACCAGGACGT,1
ATTCAGAACTCTCTACTCGACTAGCAGGACGT,ATTCAGAACTCTCTACTCGACTAGCAGGACGT,1
ATTACTCGCGATCAGTGAGCCTTAGTACTGAC,ATTACTCGCGATCAGTGAGCCTTAGTACTGAC,1
CGGCTATGTACTGCCTTCCGGTAACCTATCCT,CGGCTATGTACTGCCTTCCGGTAACCTATCCT,1
GAGATTCCGAATTACGTCCGGTAAAGGCGAAG,GAGATTCCGAATTACGTCCGGTAAAGGCGAAG,1
GAGATTCCGCGTAGTATATCCTCTATAGAGGC,GAGATTCCGCGTAGTATATCCTCTATAGAGGC,1
CGGCTATGGAACGGTACGAATTCCATAGAGGC,CGGCTATGGAACGGTACGAATTCCATAGAGGC,1
TCCGCGAACAGAACTGGGTTAGACGTACTGAC,TCCGCGAACAGAACTGGGTTAGACGTACTGAC,1
GAATTCGTCGCTTGATAGGATAACCAGGACGT,GAATTCGTCGCTTGATAGGATAACCAGGACGT,1
AGCGATAGGAATTACGTTGGAAGTAGGCGAAG,AGCGATAGGAATTACGTTGGAAGTAGGCGAAG,1
TAATGCGCCGATCAGTTTATGCGAGTACTGAC,CTTACATGTGGTAAGTATATTACGCCGTGTAT,1
TCCGCGAATTCCATCCGGATACTACAGGACGT,TCCGCGAATTCCATCCGGATACTACAGGACGT,1
GAGATTCCTGCCAATTTTCATCCATAATCTTA,GAGATTCCTGCCAATTTTCATCCATAATCTTA,1
TCTCGCGCCAAGTTCATTACGACCGTACTGAC,CGCTTCCAAGTTGCTAGTTAGGATCTAATTAT,1
TCCGCGAATATGCCATGAAGTATGGGCTCTGA,TCCGCGAATATGCCATGAAGTATGGGCTCTGA,1
TAATGCGCTTCCATCCGGATACTATAATCTTA,TAATGCGCTTCCATCCGGATACTATAATCTTA,1
TCCGCGAACGATCAGTCGTCTAATTAATCTTA,GCCGCTGCGACTGCACAAGTACCGAGCTCTCG,1
GAGATTCCGCGTAGTATCTCTCCGCAGGACGT,GAGATTCCGCGTAGTATCTCTCCGCAGGACGT,1
TCCGGAGACAGAACTGAATGACGTATAGAGGC,AAAGCGTATCGCAGTCATCTAAGATCCAACCG,1
ATTACTCGCTAATGCTTTACGACCCCTATCCT,TTGCCCCTATAAAAACTGTCATACCGAACTTC,1
ATTCAGAAGGAGCTACTATCCTCTGTACTGAC,ATTCAGAAGGAGCTACTATCCTCTGTACTGAC,1
ATTCAGAACAAGTTCAAAGAGATGGTACTGAC,ATTCAGAACAAGTTCAAAGAGATGGTACTGAC,1
TAATGCGCGGACTCCTAAGGAGTACAGGACGT,TAATGCGCGGACTCCTAAGGAGTACAGGACGT,1
GAATTCGTATGCGCAGTATCCTCTCAGGACGT,GAGACCTGTCTATAGCTGCAGTATAGGGGCCG,1
CGGCTATGGGAGCTACCGTCTAATCAGGACGT,CGGCTATGGGAGCTACCGTCTAATCAGGACGT,1
ATTCAGAATAGGCATGGAGCCTTAATAGAGGC,ATTCAGAATAGGCATGGAGCCTTAATAGAGGC,1
TCCGCGAAGTCATGAAGAAGTATGGTACTGAC,TCCGCGAAGTCATGAAGAAGTATGGTACTGAC,1
GAGATTCCACGAATCTAAGAGATGTAATCTTA,GAGACCTGTCTATAGCTGCAGTATAGGGGCCG,1
AGCGATAGACGTTCGAAACGAACGATAGAGGC,AGCGATAGACGTTCGAAACGAACGATAGAGGC,1
TCCGGAGATACGCTGCATCTGAGTCAGGACGT,TCCGGAGATACGCTGCATCTGAGTCAGGACGT,1
CGCTCATTTCTATCCGTTACGACCGTACTGAC,CGCTCATTTCTATCCGTTACGACCGTACTGAC,1
TAATGCGCCGAGGCTGACTGCATATAATCTTA,AGTCTTAAAGCTGTGTTGAATCGTAGTGTTTA,1
ATTCAGAATTAGCCTCAACGAACGATAGAGGC,ATTCAGAATTAGCCTCAACGAACGATAGAGGC,1
CGGCTATGTCTATCCGCGAATTCCAGGCGAAG,CATAGCGCGTTCTTTCAGTTACTATAAATCAT,1
ATTACTCGTCTATCCGGGTTAGACCAGGACGT,ATTACTCGTCTATCCGGGTTAGACCAGGACGT,1
TCCGCGAACGTATAGATGCCTTACTATAGCCT,TCCGCGAACGTATAGATGCCTTACTATAGCCT,1
CTGAAGCTCGATCAGTATCTGAGTTAATCTTA,CTGAAGCTCGATCAGTATCTGAGTTAATCTTA,1
GAGATTCCTAGGCATGGAGCCTTACAGGACGT,GAGATTCCTAGGCATGGAGCCTTACAGGACGT,1
TCCGCGAAAACCAGGTAAGAGATGGGCTCTGA,TCCGCGAAAACCAGGTAAGAGATGGGCTCTGA,1
TAATGCGCCGATCAGTACTGCATATATAGCCT,TAATGCGCCGATCAGTACTGCATATATAGCCT,1
ATTCAGAATAAGGCGAGTAAGGAGCAGGACGT,ATTCAGAATAAGGCGAGTAAGGAGCAGGACGT,1
AGCGATAGATCTCAGGTCTCTCCGGTACTGAC,AGCGATAGATCTCAGGTCTCTCCGGTACTGAC,1
AGCGATAGTACGCTGCCTAAGCCTGTACTGAC,AGCGATAGTACGCTGCCTAAGCCTGTACTGAC,1
GAGATTCCAACCAGGTCGAATTCCCCTATCCT,CATAGCGCGTTCTTTCAGTTACTATAAATCAT,1
GAGATTCCATGCGCAGTCGACTAGTAATCTTA,TACCGGGAGGGCAAGCGCCGCTTCGAGGAAAT,1
GAGATTCCCTTCAATGAACGAACGATAGAGGC,GAGATTCCCTTCAATGAACGAACGATAGAGGC,1
TCCGCGAATCTATCCGAAGAGATGTATAGCCT,GAGTTTGTTAGATGGAACCAGCCGCCAAACAC,1
CGCTCATTCTCTGGTATCTCTCCGATAGAGGC,CGCTCATTCTCTGGTATCTCTCCGATAGAGGC,1
TAATGCGCACTCGCTATTCTAGCTCAGGACGT,TAATGCGCACTCGCTATTCTAGCTCAGGACGT,1
CGGCTATGAGGCAGAAAAGGAGTAGTACTGAC,CGGCTATGAGGCAGAAAAGGAGTAGTACTGAC,1
TCCGCGAAAAGAGGCAGCGTAAGACAGGACGT,TCCGCGAAAAGAGGCAGCGTAAGACAGGACGT,1
CGCTCATTAAGCAACGATAGCCTTCAGGACGT,CGCTCATTAAGCAACGATAGCCTTCAGGACGT,1
GAGATTCCATGCGCAGCGTCTAATTAATCTTA,GAGATTCCATGCGCAGCGTCTAATTAATCTTA,1
ATTACTCGGAACGGTAAGGATAACTAATCTTA,ATTACTCGGAACGGTAAGGATAACTAATCTTA,1
AGCGATAGGCGTAGTATTCTAGCTCCTATCCT,ACATAGTAGCCTAAAAGAGAGTGAGTGTTTTT,1
TAATGCGCCTCTGGTACGTCTAATCAGGACGT,TAATGCGCCTCTGGTACGTCTAATCAGGACGT,1
CGGCTATGACGTTCGAAATGACGTCCTATCCT,CGGCTATGACGTTCGAAATGACGTCCTATCCT,1
AGCGATAGGAACGGTAATAGCCTTCAGGACGT,AGCGATAGGAACGGTAATAGCCTTCAGGACGT,1
TCCGGAGACTCTCTACGTAAGGAGATAGAGGC,TCCGGAGACTCTCTACGTAAGGAGATAGAGGC,1
AGCGATAGATGCGCAGCTAAGCCTCAGGACGT,AGCGATAGATGCGCAGCTAAGCCTCAGGACGT,1
GAGATTCCGCTCATGACCTAGAGTTAATCTTA,GAGATTCCGCTCATGACCTAGAGTTAATCTTA,1
AGCGATAGCGATCAGTCCTAGAGTTATAGCCT,AGCGATAGCGATCAGTCCTAGAGTTATAGCCT,1
CTGAAGCTCAAGTTCAAGGATAACGTACTGAC,CTGAAGCTCAAGTTCAAGGATAACGTACTGAC,1
GAATTCGTGAATTACGTTCATCCATATAGCCT,GAATTCGTGAATTACGTTCATCCATATAGCCT,1
CTGAAGCTTTCCATCCAAGAGATGAGGCGAAG,AGATGGGGATGCTGTGTTGGACGCACCAACGT,1
CGGCTATGTACTGCCTATTCGTTGGTACTGAC,CATTGGGACCTTTAAGGGTTAAGATATACTCT,1
CGCTCATTAGGCAGAATTCTAGCTATAGAGGC,CGCACATGGAGGAGACCTGAGTAAAGATACAG,1
TCCGGAGAATCTCAGGTTCTAGCTATAGAGGC,TCCGGAGAATCTCAGGTTCTAGCTATAGAGGC,1
ATTCAGAAGGACTCCTTATCCTCTTATAGCCT,ATTCAGAAGGACTCCTTATCCTCTTATAGCCT,1
CGGCTATGGCTCATGAACTGCATATAATCTTA,AACGAGGGCATTAATTTACTTGAACAGCGCTC,1
ATTCAGAAATCTCAGGTCTCTCCGTAATCTTA,ATTCAGAAATCTCAGGTCTCTCCGTAATCTTA,1
TAATGCGCGTAGAGGAAAGGAGTATAATCTTA,TAATGCGCGTAGAGGAAAGGAGTATAATCTTA,1
CTGAAGCTTCGACGTCGCGTAAGACCTATCCT,CTGAAGCTTCGACGTCGCGTAAGACCTATCCT,1
TCCGCGAAATGCGCAGAAGGAGTAGTACTGAC,TCCGCGAAATGCGCAGAAGGAGTAGTACTGAC,1
CGGCTATGAACCAGGTTTCATCCAGTACTGAC,CGGCTATGAACCAGGTTTCATCCAGTACTGAC,1
TCCGGAGAGGAGCTACACTGCATACAGGACGT,TCCGGAGAGGAGCTACACTGCATACAGGACGT,1
CTGAAGCTTAAGGCGATCTCTCCGTATAGCCT,CTGAAGCTTAAGGCGATCTCTCCGTATAGCCT,1
ATTCAGAACGTATAGATTACGACCAGGCGAAG,ATTCAGAACGTATAGATTACGACCAGGCGAAG,1
CGCTCATTTAGGCATGTATCCTCTGGCTCTGA,GCAAGCCAGAGCGGTGTACGGACGGAGAGGGG,1
TCCGGAGAACGAATCTGAAGTATGGGCTCTGA,TCCGGAGAACGAATCTGAAGTATGGGCTCTGA,1
AGCGATAGAACCAGGTTCCGGTAAAGGCGAAG,AGCGATAGAACCAGGTTCCGGTAAAGGCGAAG,1
CTGAAGCTGTCTACCATTCATCCACAGGACGT,CTGAAGCTGTCTACCATTCATCCACAGGACGT,1
TCCGCGAATAGCGCTCAAGGAGTACCTATCCT,TCCGCGAATAGCGCTCAAGGAGTACCTATCCT,1
GAGATTCCCTAATGCTTGCCTTACCCTATCCT,GAGATTCCCTAATGCTTGCCTTACCCTATCCT,1
TCTCGCGCAACCAGGTTTCATCCACAGGACGT,TCTCGCGCAACCAGGTTTCATCCACAGGACGT,1
TCTCGCGCGAACGGTAAATGACGTGTACTGAC,TCTCGCGCGAACGGTAAATGACGTGTACTGAC,1
TAATGCGCCGCTTGATTTCATCCACCTATCCT,TAATGCGCCGCTTGATTTCATCCACCTATCCT,1
CTGAAGCTTACTGCCTGGTTAGACCAGGACGT,CTGAAGCTTACTGCCTGGTTAGACCAGGACGT,1
TCCGCGAACGTATAGATTCATCCACCTATCCT,TGGGCATTCGTGCAAGCGCCTCGAAGAGCGGA,1
AGCGATAGAAGAGGCATCGACTAGGTACTGAC,AGCGATAGAAGAGGCATCGACTAGGTACTGAC,1
CGCTCATTCTCTGGTACTCTCTATCAGGACGT,CGCTCATTCTCTGGTACTCTCTATCAGGACGT,1
TAATGCGCGCCTCAATTAAGATCCATAGAGGC,TAATGCGCGCCTCAATTAAGATCCATAGAGGC,1
TCCGCGAAACTCGCTACCTAGAGTCAGGACGT,TACTGCCTAAGAGCCGCTAGGTCGGCCAATTT,1
TCCGGAGAGCGTAGTAAAGGCTATCAGGACGT,TCCGGAGAGCGTAGTAAAGGCTATCAGGACGT,1
GAGATTCCTTAGCCTCTGCCTTACGTACTGAC,GGCGACTTATGATGCGTGGAGGAGGCGAATTG,1
CGCTCATTAGGCAGAAACTGCATATAATCTTA,CGCTCATTAGGCAGAAACTGCATATAATCTTA,1
GAGATTCCGTCATGAATTCATCCATAATCTTA,GAGATTCCGTCATGAATTCATCCATAATCTTA,1
ATTACTCGTATGCCATGAAGTATGGTACTGAC,ATTACTCGTATGCCATGAAGTATGGTACTGAC,1
TCTCGCGCACGTTCGAAGGATAACAGGCGAAG,TCTCGCGCACGTTCGAAGGATAACAGGCGAAG,1
GAATTCGTCTTCAATGAAGAGATGTATAGCCT,GAATTCGTCTTCAATGAAGAGATGTATAGCCT,1
AGCGATAGTACTGCCTTTACGACCTAATCTTA,AGCGATAGTACTGCCTTTACGACCTAATCTTA,1
AGCGATAGTCTATCCGTTACGACCCCTATCCT,AGACCTCGACTTGACCCCAGGCTAATACTTTA,1
TAATGCGCGAATTACGAAGAGATGCAGGACGT,TAATGCGCGAATTACGAAGAGATGCAGGACGT,1
ATTACTCGTCGACGTCACTGCATACAGGACGT,ATTACTCGTCGACGTCACTGCATACAGGACGT,1
ATTACTCGCAGAACTGATAGCCTTCCTATCCT,ATTACTCGCAGAACTGATAGCCTTCCTATCCT,1
ATTCAGAAGTAGAGGAGCGTAAGAGTACTGAC,ATTCAGAAGTAGAGGAGCGTAAGAGTACTGAC,1
CGGCTATGGCCTCAATCGAATTCCTAATCTTA,CGGCTATGGCCTCAATCGAATTCCTAATCTTA,1
TCCGGAGAGCCTCAATGAAGTATGTAATCTTA,TCCGGAGAGCCTCAATGAAGTATGTAATCTTA,1
AGCGATAGAAGCAACGATTCGTTGTAATCTTA,AGCGATAGAAGCAACGATTCGTTGTAATCTTA,1
CTGAAGCTCAGAACTGTTGGAAGTGGCTCTGA,CTGAAGCTCAGAACTGTTGGAAGTGGCTCTGA,1
TCTCGCGCGAATTACGATTCGTTGTATAGCCT,TCTCGCGCGAATTACGATTCGTTGTATAGCCT,1
CGCTCATTCTAATGCTTCCGGTAACAGGACGT,CGCTCATTCTAATGCTTCCGGTAACAGGACGT,1
TCCGCGAAGAACGGTACGAATTCCTAATCTTA,TTTAGCCGTGTAAGGCCGTGAAAATTACGTCC,1
GAGATTCCGTCATGAATTCATCCATATAGCCT,GAGATTCCGTCATGAATTCATCCATATAGCCT,1
CGGCTATGAAGAGGCAGTAAGGAGTAATCTTA,CGGCTATGAAGAGGCAGTAAGGAGTAATCTTA,1
ATTCAGAACAGAACTGAACGAACGCAGGACGT,ATTCAGAACAGAACTGAACGAACGCAGGACGT,1
CGGCTATGACTCGCTAATCTGAGTGTACTGAC,CGGCTATGACTCGCTAATCTGAGTGTACTGAC,1
TAATGCGCTGCCAATTATAGCCTTCAGGACGT,TAATGCGCTGCCAATTATAGCCTTCAGGACGT,1
TAATGCGCACGTTCGAAATGACGTCCTATCCT,TAATGCGCACGTTCGAAATGACGTCCTATCCT,1
CGCTCATTCAGAACTGAAGAGATGATAGAGGC,CGCTCATTCAGAACTGAAGAGATGATAGAGGC,1
AGCGATAGCGTACTAGAAGGAGTAGTACTGAC,AGCGATAGCGTACTAGAAGGAGTAGTACTGAC,1
GAGATTCCGCTCATGATCTCTCCGTAATCTTA,GAGATTCCGCTCATGATCTCTCCGTAATCTTA,1
CGGCTATGTCTATCCGTTACGACCGGCTCTGA,CGGCTATGTCTATCCGTTACGACCGGCTCTGA,1
ATTCAGAATATGGTCGAACGAACGCCTATCCT,ATTCAGAATATGGTCGAACGAACGCCTATCCT,1
CGCTCATTGCTCATGATTCTAGCTATAGAGGC,CGCTCATTGCTCATGATTCTAGCTATAGAGGC,1
GAGATTCCTCCTGAGCTATCCTCTTAATCTTA,GAGATTCCTCCTGAGCTATCCTCTTAATCTTA,1
CGGCTATGCGCTTGATCGAATTCCTATAGCCT,TTGCGTCAGTGCGGCAAAATGAGTCTTACTTA,1
TAATGCGCCAGAACTGAGGATAACCCTATCCT,TAATGCGCCAGAACTGAGGATAACCCTATCCT,1
AGCGATAGTCGACGTCTCGACTAGCAGGACGT,AGCGATAGTCGACGTCTCGACTAGCAGGACGT,1
ATTACTCGAACCAGGTCGAATTCCCAGGACGT,ATTACTCGAACCAGGTCGAATTCCCAGGACGT,1
CTGAAGCTGTCATGAAGAAGTATGGTACTGAC,CTGAAGCTGTCATGAAGAAGTATGGTACTGAC,1
AGCGATAGGAATTACGAAGAGATGGTACTGAC,AGCGATAGGAATTACGAAGAGATGGTACTGAC,1
CTGAAGCTCGCTTGATTCCGGTAATAATCTTA,CTGAAGCTCGCTTGATTCCGGTAATAATCTTA,1
TCCGCGAAGTAGAGGAGTAAGGAGGGCTCTGA,TCCGCGAAGTAGAGGAGTAAGGAGGGCTCTGA,1
TCTCGCGCTAGCGCTCCTAAGCCTGTACTGAC,TCGCGAATAAGATTTAACCAACCTCGCCCCTG,1
ATTCAGAAGCAACCTAATTCGTTGCCTATCCT,ATTCAGAAGCAACCTAATTCGTTGCCTATCCT,1
CGGCTATGGTCTACCAAATGACGTGTACTGAC,CGGCTATGGTCTACCAAATGACGTGTACTGAC,1
TCTCGCGCGCCTCAATATTCGTTGTATAGCCT,TCTCGCGCGCCTCAATATTCGTTGTATAGCCT,1
TAATGCGCACGAATCTAATGACGTTAATCTTA,TAATGCGCACGAATCTAATGACGTTAATCTTA,1
TAATGCGCCTTCAATGGGTTAGACCAGGACGT,TAATGCGCCTTCAATGGGTTAGACCAGGACGT,1
AGCGATAGGCTCATGACTCTCTATCAGGACGT,TTGCCCCTATAAAAACTGTCATACCGAACTTC,1
GAGATTCCCAAGTTCAATTCGTTGGTACTGAC,GAGATTCCCAAGTTCAATTCGTTGGTACTGAC,1
TCCGCGAAGCCTCAATTAAGATCCCAGGACGT,TGGTTGGAATGAAAGTCTTACGTTATATCCAG,1
ATTACTCGATGCGCAGTTCTAGCTGTACTGAC,ATTACTCGATGCGCAGTTCTAGCTGTACTGAC,1
AGCGATAGTATGCCATTCCGGTAATAATCTTA,AGCGATAGTATGCCATTCCGGTAATAATCTTA,1
TCCGCGAATAAGGCGATCGACTAGCAGGACGT,TCCGCGAATAAGGCGATCGACTAGCAGGACGT,1
TCCGCGAACCTAAGACAAGGCTATCAGGACGT,TGTTATATGTGCCGGAAGCAAACAACAATCCG,1
CTGAAGCTAACCAGGTATTCGTTGTATAGCCT,CTGAAGCTAACCAGGTATTCGTTGTATAGCCT,1
ATTCAGAAATGCGCAGTCGACTAGCAGGACGT,ATTCAGAAATGCGCAGTCGACTAGCAGGACGT,1
GAGATTCCCTAATGCTAAGAGATGTATAGCCT,GAGATTCCCTAATGCTAAGAGATGTATAGCCT,1
CGGCTATGCGATCAGTTTCTAGCTTAATCTTA,CGGCTATGCGATCAGTTTCTAGCTTAATCTTA,1
GAGATTCCATAAGTCGTAAGATCCAGGCGAAG,GAGATTCCATAAGTCGTAAGATCCAGGCGAAG,1
TCCGCGAATCTATCCGGGTTAGACGTACTGAC,TCCGCGAATCTATCCGGGTTAGACGTACTGAC,1
TCCGCGAACGTACTAGCTCTCTATGTACTGAC,TCCGCGAACGTACTAGCTCTCTATGTACTGAC,1
TAATGCGCAACCAGGTATAGCCTTAGGCGAAG,TAATGCGCAACCAGGTATAGCCTTAGGCGAAG,1
AGCGATAGGCTCATGATCGACTAGGTACTGAC,ACTGTAAACTGTTGCTCGACCTCAGCTATAGA,1
TAATGCGCTACGCTGCATCTGAGTCAGGACGT,CCCAGAGATATCAACGTGTTCACTTGCTGTAA,1
CGGCTATGTACTGCCTATTCGTTGCAGGACGT,CGGCTATGTACTGCCTATTCGTTGCAGGACGT,1
TCCGCGAACAAGTTCAGGTTAGACCAGGACGT,TCCGCGAACAAGTTCAGGTTAGACCAGGACGT,1
AGCGATAGACTCGCTAGCGTAAGATAATCTTA,AGCGATAGACTCGCTAGCGTAAGATAATCTTA,1
CGGCTATGCAAGTTCAATTCGTTGGGCTCTGA,CGGCTATGCAAGTTCAATTCGTTGGGCTCTGA,1
GAGATTCCACTCGCTAGCGTAAGAGGCTCTGA,GAGATTCCACTCGCTAGCGTAAGAGGCTCTGA,1
CTGAAGCTGTAGAGGAGTAAGGAGTATAGCCT,GTGAGCTCACGACCACCCGTTTGCGCGGTGGC,1
TAATGCGCTAGCGCTCAAGGCTATCAGGACGT,AACGAGGGCATTAATTTACTTGAACAGCGCTC,1
AGCGATAGGTAGAGGAACTGCATACAGGACGT,TTCATCTCTGCCAGATGGCCGTGATGTCGAGG,1
ATTCAGAACGATCAGTTTATGCGAATAGAGGC,ATTCAGAACGATCAGTTTATGCGAATAGAGGC,1
ATTCAGAAATAAGTCGTGCCTTACATAGAGGC,ATTCAGAAATAAGTCGTGCCTTACATAGAGGC,1
ATTACTCGGTCTACCACGAATTCCATAGAGGC,ATTACTCGGTCTACCACGAATTCCATAGAGGC,1
CGGCTATGTTAGCCTCGAAGTATGGTACTGAC,CGGCTATGTTAGCCTCGAAGTATGGTACTGAC,1
GAGATTCCTGCCAATTAAGAGATGAGGCGAAG,GAGATTCCTGCCAATTAAGAGATGAGGCGAAG,1
TCCGCGAATGCAGCTAATCTGAGTGGCTCTGA,TCCGCGAATGCAGCTAATCTGAGTGGCTCTGA,1
TCCGCGAATACTGCCTCGAATTCCTATAGCCT,TCCGCGAATACTGCCTCGAATTCCTATAGCCT,1
AGCGATAGAACCAGGTAGGATAACCCTATCCT,AGCGATAGAACCAGGTAGGATAACCCTATCCT,1
AGCGATAGGAATTACGGGATACTATAATCTTA,AGCGATAGGAATTACGGGATACTATAATCTTA,1
AGCGATAGGCCTCAATTCCGGTAATAATCTTA,TCCCGTCGAGGAGTAAGATCAGGTCCTAGTTA,1
GAGATTCCCGTACTAGCGTCTAATCCTATCCT,GAGATTCCCGTACTAGCGTCTAATCCTATCCT,1
TAATGCGCTATGGTCGTTACGACCTAATCTTA,TAATGCGCTATGGTCGTTACGACCTAATCTTA,1
GAGATTCCTAGCGCTCCTCTCTATCAGGACGT,GAGATTCCTAGCGCTCCTCTCTATCAGGACGT,1
CGGCTATGCTCTGGTAATCTGAGTGTACTGAC,CGGCTATGCTCTGGTAATCTGAGTGTACTGAC,1
GAGATTCCTGCCAATTGGTTAGACAGGCGAAG,GAGATTCCTGCCAATTGGTTAGACAGGCGAAG,1
ATTCAGAACGAGGCTGTCTCTCCGTAATCTTA,TGAGGGGATCGCGTTCCGCGTTGGTATCACTC,1
TAATGCGCCTAATGCTGAAGTATGTAATCTTA,TAATGCGCCTAATGCTGAAGTATGTAATCTTA,1
TCCGGAGATTAGCCTCGAAGTATGGGCTCTGA,TCCGGAGATTAGCCTCGAAGTATGGGCTCTGA,1
ATTACTCGTTCCATCCAACGAACGCAGGACGT,ATTACTCGTTCCATCCAACGAACGCAGGACGT,1
TCCGCGAAACGAATCTAATGACGTCAGGACGT,TCCGCGAAACGAATCTAATGACGTCAGGACGT,1
CGGCTATGTCCTGAGCTTATGCGAGTACTGAC,CGGCTATGTCCTGAGCTTATGCGAGTACTGAC,1
ATTCAGAAAAGCAACGTTACGACCATAGAGGC,ATTCAGAAAAGCAACGTTACGACCATAGAGGC,1
TCCGGAGAACGAATCTTTCATCCAAGGCGAAG,TCCGGAGAACGAATCTTTCATCCAAGGCGAAG,1
GAATTCGTCGTATAGAAACGAACGCAGGACGT,GAATTCGTCGTATAGAAACGAACGCAGGACGT,1
TCCGGAGACTTCAATGGGATACTAGTACTGAC,TCCGGAGACTTCAATGGGATACTAGTACTGAC,1
AGCGATAGTCGACGTCGAGCCTTAGTACTGAC,AGCGATAGTCGACGTCGAGCCTTAGTACTGAC,1
CTGAAGCTATGCGCAGTCGACTAGATAGAGGC,CTGAAGCTATGCGCAGTCGACTAGATAGAGGC,1
GAGATTCCTGCAGCTACTAAGCCTTAATCTTA,GAGATTCCTGCAGCTACTAAGCCTTAATCTTA,1
GAGATTCCTACTGCCTTAAGATCCATAGAGGC,GAGATTCCTACTGCCTTAAGATCCATAGAGGC,1
TAATGCGCACTCGCTATTATGCGACAGGACGT,TAATGCGCACTCGCTATTATGCGACAGGACGT,1
TCCGCGAACTTCAATGAAGAGATGTAATCTTA,TCCGCGAACTTCAATGAAGAGATGTAATCTTA,1
CGCTCATTCTAATGCTTGCCTTACATAGAGGC,CGCTCATTCTAATGCTTGCCTTACATAGAGGC,1
AGCGATAGACTCGCTACCTAGAGTTATAGCCT,AGCGATAGACTCGCTACCTAGAGTTATAGCCT,1
ATTACTCGATAAGTCGTTGGAAGTTAATCTTA,ATTACTCGATAAGTCGTTGGAAGTTAATCTTA,1
CGGCTATGCAAGTTCAGGATACTATAATCTTA,CGGCTATGCAAGTTCAGGATACTATAATCTTA,1
AGCGATAGGTAGAGGAATCTGAGTGTACTGAC,AGCGATAGGTAGAGGAATCTGAGTGTACTGAC,1
GAGATTCCCGAGGCTGCTAAGCCTGGCTCTGA,TTAGTTCTATGCACCAGCTGAGCCGTTGCTGG,1
ATTACTCGGTAGAGGAACTGCATATAATCTTA,ATTACTCGGTAGAGGAACTGCATATAATCTTA,1
CGCTCATTGTCATGAATAAGATCCGGCTCTGA,CGCTCATTGTCATGAATAAGATCCGGCTCTGA,1
ATTCAGAAGTAGAGGACTAAGCCTCCTATCCT,ATTCAGAAGTAGAGGACTAAGCCTCCTATCCT,1
CGGCTATGATCTCAGGTTCTAGCTTAATCTTA,CGGCTATGATCTCAGGTTCTAGCTTAATCTTA,1
CGGCTATGTCTATCCGTTGGAAGTCAGGACGT,CGGCTATGTCTATCCGTTGGAAGTCAGGACGT,1
TCCGCGAACTCTCTACTTATGCGACAGGACGT,TCCGCGAACTCTCTACTTATGCGACAGGACGT,1
TCCGGAGAACTCGCTATCGACTAGCAGGACGT,TCCGGAGAACTCGCTATCGACTAGCAGGACGT,1
TCTCGCGCCTTCAATGAGGATAACCAGGACGT,GCTAACGCTATCTTAGGCCAAATTCGCCTCCA,1
TCCGGAGAAACCAGGTAAGAGATGGGCTCTGA,TCCGGAGAAACCAGGTAAGAGATGGGCTCTGA,1
CGCTCATTCAGAACTGGGATACTAATAGAGGC,CGCTCATTCAGAACTGGGATACTAATAGAGGC,1
TCCGCGAATTAGCCTCTAAGATCCGTACTGAC,TCCGCGAATTAGCCTCTAAGATCCGTACTGAC,1
GAGATTCCGGACTCCTAAGGAGTATAATCTTA,GAGATTCCGGACTCCTAAGGAGTATAATCTTA,1
TCCGCGAAGTCTACCAAAGAGATGCAGGACGT,TCCGCGAAGTCTACCAAAGAGATGCAGGACGT,1
AGCGATAGTATGGTCGAGGATAACGGCTCTGA,AGCGATAGTATGGTCGAGGATAACGGCTCTGA,1
AGCGATAGTTCCATCCAATGACGTAGGCGAAG,AGCGATAGTTCCATCCAATGACGTAGGCGAAG,1
TAATGCGCAAGAGGCATCGACTAGCAGGACGT,TGTTGAAGGGACATCCTCTCGTGATTGCAGGG,1
ATTCAGAACTCTCTACCCTAGAGTCCTATCCT,ATTCAGAACTCTCTACCCTAGAGTCCTATCCT,1
ATTACTCGATAAGTCGTTCATCCAGTACTGAC,ATTACTCGATAAGTCGTTCATCCAGTACTGAC,1
TCCGCGAAAGGCAGAAGTAAGGAGTAATCTTA,TCCGCGAAAGGCAGAAGTAAGGAGTAATCTTA,1
TCTCGCGCGAATTACGAAGAGATGCCTATCCT,TCTCGCGCGAATTACGAAGAGATGCCTATCCT,1
GAGATTCCATCTCAGGAAGGCTATTAATCTTA,GAGATTCCATCTCAGGAAGGCTATTAATCTTA,1
TAATGCGCCGATCAGTCCTAGAGTTAATCTTA,TTGCTAGCATTGGGCGAGCCGCTCAATCGCTC,1
TAATGCGCGTCTACCATGCCTTACTATAGCCT,TAATGCGCGTCTACCATGCCTTACTATAGCCT,1
TAATGCGCACTCGCTAGCGTAAGACCTATCCT,TCGCGAATAAGATTTAACCAACCTCGCCCCTG,1
TAATGCGCTACTGCCTAGGATAACGTACTGAC,TAATGCGCTACTGCCTAGGATAACGTACTGAC,1
CGGCTATGATAAGTCGATAGCCTTGGCTCTGA,CGGCTATGATAAGTCGATAGCCTTGGCTCTGA,1
CTGAAGCTTAGCGCTCTCGACTAGTAATCTTA,CTGAAGCTTAGCGCTCTCGACTAGTAATCTTA,1
TCCGCGAACAGAACTGTGCCTTACGTACTGAC,TCCGCGAACAGAACTGTGCCTTACGTACTGAC,1
CGGCTATGTCCTGAGCAAGGCTATCAGGACGT,CGGCTATGTCCTGAGCAAGGCTATCAGGACGT,1
CTGAAGCTTCTATCCGAATGACGTGGCTCTGA,CTGAAGCTTCTATCCGAATGACGTGGCTCTGA,1
ATTCAGAAACTCGCTAATCTGAGTCAGGACGT,ATTCAGAAACTCGCTAATCTGAGTCAGGACGT,1
TAATGCGCCAGAACTGAATGACGTCAGGACGT,TAATGCGCCAGAACTGAATGACGTCAGGACGT,1
CGCTCATTCGTACTAGAAGGAGTACAGGACGT,CGCTCATTCGTACTAGAAGGAGTACAGGACGT,1
TCTCGCGCCGCTTGATAGGATAACCAGGACGT,TCTCGCGCCGCTTGATAGGATAACCAGGACGT,1
TCTCGCGCTGCCAATTTTCATCCATAATCTTA,TCTCGCGCTGCCAATTTTCATCCATAATCTTA,1
ATTCAGAAGTCATGAAGGTTAGACTAATCTTA,AAGCTATATTCGAGTCGAGGGAAATGCGTAAG,1
TCCGCGAAGTCATGAAAGGATAACCCTATCCT,TCCGCGAAGTCATGAAAGGATAACCCTATCCT,1
CTGAAGCTGCAACCTAAAGAGATGTAATCTTA,CTGAAGCTGCAACCTAAAGAGATGTAATCTTA,1
GAATTCGTAAGAGGCATTATGCGACAGGACGT,GAATTCGTAAGAGGCATTATGCGACAGGACGT,1
CGGCTATGCGTATAGATTCATCCAATAGAGGC,CGGCTATGCGTATAGATTCATCCAATAGAGGC,1
TCCGGAGACGATCAGTCGTCTAATCAGGACGT,TCCGGAGACGATCAGTCGTCTAATCAGGACGT,1
TAATGCGCACTCGCTATCGACTAGCAGGACGT,TAATGCGCACTCGCTATCGACTAGCAGGACGT,1
CGCTCATTGCCTCAATGGATACTAATAGAGGC,CGCTCATTGCCTCAATGGATACTAATAGAGGC,1
GAATTCGTTATGGTCGTGCCTTACGTACTGAC,AGTGTTCGATTAAAATACATGCATCCCTCCAT,1
AGCGATAGACGAATCTGGTTAGACCCTATCCT,AGCGATAGACGAATCTGGTTAGACCCTATCCT,1
TCCGGAGAGCTCATGACTAAGCCTGGCTCTGA,TCCGGAGAGCTCATGACTAAGCCTGGCTCTGA,1
CTGAAGCTGCTCATGACGTCTAATTAATCTTA,AGACATCCAGATTGCATGATAACGTGCGGTTC,1
ATTCAGAACTCTCTACAAGGCTATGTACTGAC,ATTCAGAACTCTCTACAAGGCTATGTACTGAC,1
CGGCTATGGCAACCTAAACGAACGCCTATCCT,CGGCTATGGCAACCTAAACGAACGCCTATCCT,1
AGCGATAGTGCAGCTAGTAAGGAGTAATCTTA,AGCCACCTGCAGATGATTAGGTTTATTCGATC,1
CGCTCATTGTCATGAAGAAGTATGTAATCTTA,GGCGACTTATGATGCGTGGAGGAGGCGAATTG,1
TCCGGAGACTTCAATGAAGAGATGGTACTGAC,TCCGGAGACTTCAATGAAGAGATGGTACTGAC,1
CTGAAGCTAAGCAACGTAAGATCCGGCTCTGA,CTGAAGCTAAGCAACGTAAGATCCGGCTCTGA,1
AGCGATAGGAATTACGTTGGAAGTCAGGACGT,AAGTACAAGCCCCCTTGTCCCCCTACCCGTGT,1
GAGATTCCTTCCATCCTAAGATCCCAGGACGT,CAACTTAGTCGTTCCTCCTGACGGTCTCTATC,1
GAATTCGTCGTATAGAATTCGTTGCAGGACGT,GAATTCGTCGTATAGAATTCGTTGCAGGACGT,1
CGCTCATTTAGCGCTCGAGCCTTAGTACTGAC,CGCTCATTTAGCGCTCGAGCCTTAGTACTGAC,1
TCCGCGAAGAATTACGTGCCTTACCAGGACGT,TCCGCGAAGAATTACGTGCCTTACCAGGACGT,1
CTGAAGCTGCTCATGATTCTAGCTGTACTGAC,CTGAAGCTGCTCATGATTCTAGCTGTACTGAC,1
CGCTCATTATCTCAGGCTAAGCCTATAGAGGC,CGCTCATTATCTCAGGCTAAGCCTATAGAGGC,1
AGCGATAGATCTCAGGTCGACTAGCAGGACGT,AGCGATAGATCTCAGGTCGACTAGCAGGACGT,1
TCCGGAGACAAGTTCAAGGATAACTATAGCCT,TCCGGAGACAAGTTCAAGGATAACTATAGCCT,1
TAATGCGCATAAGTCGAGGATAACCAGGACGT,TAATGCGCATAAGTCGAGGATAACCAGGACGT,1
ATTCAGAACTTCAATGTAAGATCCATAGAGGC,ATTCAGAACTTCAATGTAAGATCCATAGAGGC,1
ATTACTCGGGACTCCTCGTCTAATGGCTCTGA,ATTACTCGGGACTCCTCGTCTAATGGCTCTGA,1
CGCTCATTTACTGCCTGGATACTAATAGAGGC,CGCTCATTTACTGCCTGGATACTAATAGAGGC,1
ATTCAGAACTCTCTACCTAAGCCTCAGGACGT,AGGTACGTTTATAAAGCAGACCTCGATGCTGA,1
TCCGGAGACGATCAGTAAGGAGTACCTATCCT,TCCGGAGACGATCAGTAAGGAGTACCTATCCT,1
CTGAAGCTTTAGCCTCCGAATTCCCAGGACGT,CTGAAGCTTTAGCCTCCGAATTCCCAGGACGT,1
GAGATTCCACGTTCGATTGGAAGTAGGCGAAG,GAGATTCCACGTTCGATTGGAAGTAGGCGAAG,1
ATTACTCGACGTTCGATGCCTTACTAATCTTA,ATTACTCGACGTTCGATGCCTTACTAATCTTA,1
GAATTCGTGGAGCTACCTCTCTATCAGGACGT,GAATTCGTGGAGCTACCTCTCTATCAGGACGT,1
TCCGCGAATACGCTGCTCGACTAGCAGGACGT,ACTTACACGGCCAGTGATTGAGCAACCCCGGG,1
GAGATTCCACTCGCTAAAGGCTATCAGGACGT,GAGATTCCACTCGCTAAAGGCTATCAGGACGT,1
CTGAAGCTTAGGCATGAAGGCTATGGCTCTGA,CTGAAGCTTAGGCATGAAGGCTATGGCTCTGA,1
TCCGCGAATAGCGCTCACTGCATACAGGACGT,TCCGCGAATAGCGCTCACTGCATACAGGACGT,1
AGCGATAGGCCTCAATTTCATCCAGGCTCTGA,AGCGATAGGCCTCAATTTCATCCAGGCTCTGA,1
TCCGCGAACGAGGCTGATCTGAGTCAGGACGT,TCCGCGAACGAGGCTGATCTGAGTCAGGACGT,1
